Rk,Player,Season,Age,Tm,Lg,G,GS,MP,FG,FGA,TwoP,TwoPA,ThreeP,ThreePA,FT,FTA,ORB,DRB,TRB,AST,STL,BLK,TOV,PF,PTS,FGPercent,TwoPPercent,ThreePPercent,eFGPercent,FTPercent,TSPercent,WS,G,GS,MP,PER,ThreePAr,FTr,ORBPercent,DRBPercent,TRBPercent,ASTPercent,STLPercent,BLKPercent,TOVPercent,USGPercent,ORtg,DRtg,OWS,DWS,WS,WSperFortyEight,OBPM,DBPM,BPM,VORP
354,Henry Walker,2014-15,27,MIA,NBA,24,13,26.2,2.4,7,0.5,1.5,1.9,5.5,0.6,0.8,0.3,3.1,3.4,1.2,1,0.4,1,3.2,7.3,0.345,0.361,0.341,0.479,0.778,0.497,0.5,24,13,628,8,0.786,0.107,1.4,14,7.8,7.2,2,1.2,12,15,96,107,-0.1,0.6,0.5,0.039,-0.9,-0.1,-1,0.2
146,Patrick Beverley,2014-15,26,HOU,NBA,56,55,30.8,3.6,9.5,1.6,3.7,2.1,5.8,0.8,1.1,1.2,3,4.2,3.4,1.1,0.4,1.5,3.3,10.1,0.383,0.426,0.356,0.492,0.75,0.509,3.5,56,55,1727,11.3,0.607,0.113,4.3,10.8,7.6,17.2,1.7,1,12.9,16.1,107,106,1.7,1.8,3.5,0.096,0.5,0.3,0.8,1.2
125,Cody Zeller,2014-15,22,CHO,NBA,62,45,24,2.8,6,2.8,6,0,0,2,2.6,1.6,4.3,5.8,1.6,0.5,0.8,1,2.5,7.6,0.461,0.46,1,0.462,0.774,0.53,3.8,62,45,1487,14.1,0.003,0.44,7,20.1,13.4,10.9,1.2,2.6,12.2,15.6,108,102,1.6,2.2,3.8,0.123,-2.1,2.5,0.4,0.9
137,John Henson,2014-15,24,MIL,NBA,67,11,18.3,2.9,5.2,2.9,5.2,0,0,1.2,2,1.9,2.8,4.7,0.9,0.4,2,1.3,2.3,7,0.566,0.566,,0.566,0.569,0.578,3.6,67,11,1228,18,0,0.396,11.7,17.4,14.5,7.8,1.2,9.3,17.6,18.1,106,98,1.3,2.4,3.6,0.142,-1.9,4.6,2.7,1.5
225,Andre Roberson,2014-15,23,OKC,NBA,67,65,19.2,1.4,3,1.1,1.7,0.3,1.3,0.3,0.7,0.9,2.9,3.8,1,0.8,0.4,0.7,2.1,3.4,0.458,0.612,0.247,0.51,0.479,0.513,2.1,67,65,1286,9.1,0.423,0.239,5.1,16,10.6,7.4,2.1,1.8,17.2,9,104,104,0.5,1.6,2.1,0.079,-1.8,2.1,0.3,0.7
428,Seth Curry,2014-15,24,PHO,NBA,2,0,4,0,1.5,0,1,0,0.5,0,0,0,1,1,0.5,0,0,0,1,0,0,0,0,0,,0,0,2,0,8,-11.4,0.333,0,0,27.7,13.7,15.6,0,0,0,16.5,21,107,-0.1,0,0,-0.298,-14.3,-1.6,-15.9,0
319,Michael Carter-Williams,2014-15,23,TOT,NBA,66,63,32.6,5.5,13.9,5,11.6,0.5,2.3,3.1,4.4,1,4.4,5.3,6.7,1.7,0.5,3.8,2.5,14.6,0.396,0.428,0.235,0.416,0.694,0.461,0.8,66,63,2149,14.1,0.166,0.317,3.2,15.3,9,37.3,2.6,1.1,19.5,26.7,91,103,-2.1,2.9,0.8,0.017,-1.6,0.9,-0.7,0.7
87,Al Jefferson,2014-15,30,CHO,NBA,65,61,30.6,7.5,15.5,7.4,15.5,0,0.1,1.7,2.5,1.5,6.9,8.4,1.7,0.7,1.3,1,2.1,16.6,0.481,0.482,0.4,0.482,0.655,0.5,4.7,65,61,1992,19.7,0.005,0.163,5.3,25.5,15.1,11.6,1.2,3.3,5.9,26.3,101,100,1.3,3.4,4.7,0.113,-1.3,1.6,0.2,1.1
197,Dennis Schroder,2014-15,21,ATL,NBA,77,10,19.7,3.7,8.6,3,6.7,0.7,1.9,1.9,2.3,0.4,1.8,2.1,4.1,0.6,0.1,1.9,1.6,10,0.427,0.449,0.351,0.466,0.827,0.516,2.5,77,10,1516,15.7,0.223,0.269,2.3,9.9,6.2,34.6,1.7,0.2,16.8,27,101,106,1.1,1.4,2.5,0.08,-0.4,-2.1,-2.4,-0.2
35,Kyle Lowry,2014-15,28,TOR,NBA,70,70,34.5,6.1,14.9,4.3,9.3,1.9,5.6,3.6,4.5,0.8,3.9,4.7,6.8,1.6,0.2,2.5,3,17.8,0.412,0.457,0.338,0.476,0.808,0.527,7.1,70,70,2414,19.3,0.375,0.299,2.6,13.1,7.8,32.4,2.3,0.4,12.8,25.4,110,107,5.1,2,7.1,0.141,4.2,-0.6,3.6,3.4
90,Markieff Morris,2014-15,25,PHO,NBA,82,82,31.5,6.2,13.4,5.5,11.2,0.7,2.2,2.2,2.8,1.3,4.8,6.2,2.3,1.2,0.5,2.1,3,15.3,0.465,0.494,0.318,0.491,0.763,0.523,4.6,82,82,2581,15.8,0.163,0.211,4.6,17,10.7,12.4,2,1.2,12.4,23.3,102,105,1.8,2.7,4.6,0.085,-0.7,0.5,-0.2,1.2
332,Sergey Karasev,2014-15,21,BRK,NBA,33,16,16.8,1.6,4.1,1.2,2.4,0.5,1.6,0.9,1.2,0.7,1.3,2,1.4,0.7,0,0.7,1.4,4.6,0.403,0.475,0.296,0.463,0.763,0.508,0.7,33,16,555,10.5,0.403,0.284,4.5,8.9,6.7,12.3,2.1,0.1,13.7,14.4,104,109,0.3,0.4,0.7,0.061,-0.7,-0.5,-1.2,0.1
465,Devyn Marble,2014-15,22,ORL,NBA,16,7,13,0.9,2.8,0.6,1.4,0.3,1.4,0.3,1,0.3,1.6,1.9,1.1,0.6,0.1,0.6,0.9,2.3,0.318,0.455,0.182,0.364,0.313,0.362,-0.1,16,7,208,5.9,0.5,0.364,2.7,14.4,8.4,11.5,2.2,0.8,15,13.1,79,107,-0.3,0.2,-0.1,-0.031,-4.7,0.2,-4.5,-0.1
391,Troy Daniels,2014-15,23,TOT,NBA,47,0,8.4,1.3,3.5,0.4,1,0.9,2.5,0.2,0.3,0.2,0.5,0.7,0.5,0.1,0,0.4,0.9,3.7,0.37,0.383,0.364,0.5,0.846,0.515,0.2,47,0,397,9.6,0.715,0.079,2.2,7.2,4.7,9.2,0.8,0.2,10.5,21.3,99,112,0.1,0.1,0.2,0.022,-0.3,-4.6,-4.9,-0.3
232,Donald Sloan,2014-15,27,IND,NBA,53,21,20.9,2.7,6.7,2,4.2,0.8,2.5,1.1,1.5,0.2,2.5,2.7,3.6,0.4,0,1.2,0.9,7.4,0.408,0.464,0.313,0.466,0.779,0.503,2,53,21,1107,13.1,0.369,0.217,1.2,13,7.1,27.5,1.1,0,14.3,18.6,104,106,0.9,1.1,2,0.085,-0.4,-1,-1.4,0.2
264,Pero Antic,2014-15,32,ATL,NBA,63,3,16.5,1.7,4.7,0.9,2,0.8,2.7,1.4,2,0.9,2.1,3,0.8,0.3,0.2,0.8,2.1,5.7,0.365,0.455,0.301,0.453,0.715,0.508,1.5,63,3,1037,9.5,0.584,0.416,6.6,14,10.4,6.9,0.9,1.1,12.3,17.6,102,106,0.5,1,1.5,0.07,-1.3,-1.4,-2.7,-0.2
71,Hassan Whiteside,2014-15,25,MIA,NBA,48,32,23.8,5.1,8.1,5.1,8.1,0,0,1.6,3.3,3,7,10,0.1,0.6,2.6,1.2,2.7,11.8,0.628,0.628,,0.628,0.5,0.619,5.3,48,32,1142,26.2,0,0.403,15.6,34.7,25.4,1,1.2,9.2,11.3,21.1,117,97,2.8,2.4,5.3,0.221,-1.6,0.7,-0.9,0.3
219,Alexey Shved,2014-15,26,TOT,NBA,42,9,18.3,3.2,8,2,4.7,1.1,3.3,2.9,3.6,0.5,1.8,2.4,2.5,0.7,0.1,1.1,1.1,10.3,0.397,0.439,0.338,0.467,0.807,0.541,2.2,42,9,767,19.5,0.415,0.448,3.3,11.7,7.3,25.7,2,0.6,10.7,26.3,111,109,1.7,0.5,2.2,0.135,3,-2.6,0.5,0.5
309,T.J. Warren,2014-15,21,PHO,NBA,40,1,15.4,2.8,5.4,2.7,4.8,0.1,0.5,0.4,0.5,1,1.1,2.1,0.6,0.5,0.2,0.7,1.3,6.1,0.528,0.56,0.238,0.54,0.737,0.551,1.1,40,1,614,14,0.098,0.089,7.3,7.9,7.6,6.6,1.5,1.1,10.8,17.8,108,109,0.7,0.4,1.1,0.085,-1,-1.1,-2.1,0
49,Lou Williams,2014-15,28,TOR,NBA,80,0,25.2,4.7,11.6,2.8,6,1.9,5.6,4.3,4.9,0.3,1.6,1.9,2.1,1.1,0.1,1.3,1.3,15.5,0.404,0.464,0.34,0.486,0.861,0.564,6.6,80,0,2016,19.9,0.482,0.426,1.4,7.3,4.3,13.6,2.3,0.4,8.4,27,114,109,5.4,1.1,6.6,0.157,4,-3.1,0.9,1.5
159,Kosta Koufos,2014-15,25,MEM,NBA,81,3,16.6,2.2,4.4,2.2,4.4,0,0,0.7,1,1.5,3.8,5.3,0.5,0.4,0.8,0.9,1.8,5.2,0.508,0.508,,0.508,0.647,0.53,3.3,81,3,1348,14.2,0,0.237,10.3,25.8,18.1,4.3,1.1,3.9,14.9,15.8,103,99,0.8,2.5,3.3,0.118,-3.4,1.9,-1.5,0.2
318,John Jenkins,2014-15,23,ATL,NBA,24,3,12.4,2,4.1,1.2,2,0.9,2.2,0.7,0.8,0.1,1.5,1.6,0.5,0.4,0,0.3,0.6,5.6,0.495,0.596,0.404,0.601,0.842,0.629,0.9,24,3,297,15.9,0.525,0.192,0.8,13.8,7.5,7,1.7,0,6.9,17.8,118,105,0.6,0.3,0.9,0.147,1.1,-2.1,-0.9,0.1
180,O.J. Mayo,2014-15,27,MIL,NBA,71,15,23.9,4.2,9.9,2.8,6,1.4,3.9,1.6,2,0.4,2.2,2.6,2.8,0.8,0.3,1.8,2.3,11.4,0.422,0.465,0.357,0.493,0.827,0.529,2.8,71,15,1697,13.5,0.395,0.198,2,10.5,6.3,19.4,1.7,0.9,14.4,23.6,101,105,0.9,1.9,2.8,0.079,0,-1.3,-1.3,0.3
214,Nick Collison,2014-15,34,OKC,NBA,66,2,16.7,1.6,3.8,1.4,2.9,0.2,0.9,0.7,1,1.4,2.4,3.8,1.4,0.5,0.4,0.7,2.4,4.1,0.419,0.466,0.267,0.451,0.692,0.485,2.2,66,2,1101,11.2,0.237,0.257,8.9,15.3,12.2,11.6,1.6,1.8,13.8,12.8,108,105,1,1.2,2.2,0.097,-1.1,1.2,0.1,0.6
360,JaVale McGee,2014-15,27,TOT,NBA,23,0,11.1,1.8,3.4,1.8,3.4,0,0,1,1.4,0.8,1.9,2.7,0.1,0.1,0.9,0.8,1.3,4.6,0.532,0.532,,0.532,0.667,0.567,0.4,23,0,256,14.4,0,0.418,7.3,18.9,12.9,2,0.4,6.1,16.1,18.9,101,106,0.1,0.3,0.4,0.071,-5.3,-0.3,-5.6,-0.2
327,Phil Pressey,2014-15,23,BOS,NBA,50,0,12,1.3,3.5,1,2.2,0.3,1.3,0.7,1,0.3,1.3,1.6,2.3,0.6,0.1,0.8,1.1,3.5,0.368,0.44,0.246,0.414,0.673,0.453,0.8,50,0,600,11.8,0.374,0.282,2.3,12.4,7.3,28,2.5,0.8,17.3,17.3,97,104,0,0.7,0.8,0.06,-2.3,0,-2.2,0
131,Chris Bosh,2014-15,30,MIA,NBA,44,44,35.4,7.8,16.9,6.4,13.1,1.4,3.8,4.1,5.3,1,6,7,2.2,0.9,0.6,2.2,1.6,21.1,0.46,0.485,0.375,0.503,0.772,0.548,3.6,44,44,1556,19.8,0.226,0.311,3.6,20,12,12,1.4,1.4,10.1,28.4,106,106,2.1,1.5,3.6,0.111,1,-1,-0.1,0.8
335,Jordan Farmar,2014-15,28,LAC,NBA,36,0,14.7,1.7,4.4,0.7,1.7,1,2.7,0.3,0.3,0.2,0.9,1.2,1.9,0.6,0.1,0.9,1.4,4.6,0.386,0.426,0.361,0.497,0.909,0.513,0.6,36,0,529,9.9,0.614,0.07,1.7,7.1,4.5,18,1.9,0.8,16.4,16.6,101,108,0.2,0.4,0.6,0.053,-0.7,-1.3,-2,0
305,Nick Calathes,2014-15,25,MEM,NBA,58,0,14.4,1.8,4.3,1.6,3.5,0.2,0.7,0.4,0.8,0.3,1.5,1.8,2.5,1.1,0.1,1.1,1.7,4.2,0.421,0.456,0.256,0.443,0.533,0.455,1.1,58,0,838,12.3,0.174,0.182,2.6,11.8,7.2,26.6,3.9,0.5,18.6,17.9,93,99,-0.4,1.5,1.1,0.065,-2.1,1.8,-0.3,0.4
223,Channing Frye,2014-15,31,ORL,NBA,75,51,24.9,2.5,6.5,0.7,1.9,1.8,4.6,0.4,0.5,0.4,3.5,3.9,1.3,0.6,0.5,1,2.5,7.3,0.392,0.39,0.393,0.532,0.886,0.546,2.1,75,51,1870,9.5,0.71,0.072,1.6,16.4,8.9,7.4,1.3,1.7,13.4,14.1,101,108,0.7,1.4,2.1,0.053,-0.9,0,-0.9,0.5
5,DeAndre Jordan,2014-15,26,LAC,NBA,82,82,34.4,4.6,6.5,4.6,6.5,0,0,2.3,5.7,4.8,10.1,15,0.7,1,2.2,1.3,3,11.5,0.71,0.713,0.25,0.711,0.397,0.638,12.8,82,82,2820,21,0.007,0.882,16.2,32.4,24.5,3.2,1.5,5.4,12.8,13.6,126,98,7.4,5.4,12.8,0.217,0.9,3.2,4.1,4.3
367,Lou Amundson,2014-15,32,TOT,NBA,53,35,17.7,2.1,4.8,2.1,4.8,0,0,0.8,1.6,1.8,3.3,5.1,1.3,0.4,1,1.2,2.4,4.9,0.427,0.429,0,0.427,0.471,0.442,0.3,53,35,937,11.8,0.004,0.341,11.3,22,16.5,12.2,1.2,4.6,17.5,17.4,92,106,-0.6,0.9,0.3,0.017,-4,2,-2,0
11,LeBron James,2014-15,30,CLE,NBA,69,69,36.1,9,18.5,7.3,13.6,1.7,4.9,5.4,7.7,0.7,5.3,6,7.4,1.6,0.7,3.9,2,25.3,0.488,0.536,0.354,0.535,0.71,0.577,10.4,69,69,2493,25.9,0.265,0.413,2.4,16.6,9.6,38.6,2.3,1.6,15.3,32.3,112,105,7.4,2.9,10.4,0.199,6.2,1.2,7.4,5.9
289,Mitch McGary,2014-15,22,OKC,NBA,32,2,15.2,2.8,5.2,2.8,5.1,0,0.1,0.8,1.3,1.7,3.5,5.2,0.4,0.5,0.5,1,2.3,6.3,0.533,0.54,0,0.533,0.625,0.55,1.3,32,2,485,16.6,0.012,0.242,11.9,24.4,18.2,4.6,1.7,2.6,14.5,19,107,102,0.6,0.7,1.3,0.127,-2.3,-0.1,-2.4,-0.1
126,Bradley Beal,2014-15,21,WAS,NBA,63,59,33.4,5.8,13.5,4.1,9.4,1.7,4.1,2.1,2.6,0.9,2.9,3.8,3.1,1.2,0.3,2,2.2,15.3,0.427,0.434,0.409,0.489,0.783,0.521,3.7,63,59,2107,14,0.304,0.195,3.1,9.6,6.4,15,1.8,0.7,11.7,22.5,102,105,1.3,2.4,3.7,0.085,0.5,-0.1,0.5,1.3
433,Erick Green,2014-15,23,DEN,NBA,43,1,9.5,1.4,3.8,1.1,2.7,0.3,1.1,0.2,0.3,0.2,0.6,0.7,0.9,0.3,0,0.3,0.6,3.4,0.377,0.409,0.298,0.42,0.833,0.436,0,43,1,410,8.9,0.29,0.074,1.8,6.6,4.1,15.1,1.5,0,7.7,19.1,95,112,-0.1,0.1,0,0,-2.7,-2.7,-5.4,-0.3
263,Dorell Wright,2014-15,29,POR,NBA,48,2,12.3,1.5,4,0.6,1.7,0.9,2.3,0.7,0.9,0.3,2,2.3,0.9,0.4,0.2,0.4,1.1,4.6,0.379,0.378,0.38,0.487,0.81,0.525,1.6,48,2,592,13.4,0.568,0.221,2.6,17.2,10,10.2,1.7,1.3,7.9,17.1,109,102,0.7,0.8,1.6,0.128,0.1,0.6,0.7,0.4
462,Xavier Henry,2014-15,23,LAL,NBA,9,0,9.6,0.3,1.4,0.3,1.4,0,0,1.6,2.7,0.2,0.2,0.4,0.3,0.3,0,0.3,0.7,2.2,0.231,0.231,,0.231,0.583,0.424,-0.1,9,0,86,4.9,0,1.846,2.5,2.7,2.6,4.8,1.8,0,11.3,13.7,90,114,-0.1,0,-0.1,-0.03,-5.5,-2.4,-7.9,-0.1
478,Gal Mekel,2014-15,26,NOP,NBA,4,0,10.8,0.8,5,0.8,4.3,0,0.8,0,0,0,0.3,0.3,3.3,0.5,0,0.5,0.3,1.5,0.15,0.176,0,0.15,,0.15,-0.2,4,0,43,0.5,0.15,0,0,2.6,1.3,42.2,2.4,0,9.1,23.3,61,111,-0.2,0,-0.2,-0.238,-10.3,-6.3,-16.6,-0.2
13,Marc Gasol,2014-15,30,MEM,NBA,81,81,33.2,6.5,13.2,6.5,13,0,0.2,4.3,5.4,1.4,6.4,7.8,3.8,0.9,1.6,2.2,2.6,17.4,0.494,0.5,0.176,0.496,0.795,0.558,10.2,81,81,2687,21.7,0.016,0.41,4.9,21.8,13.4,19.7,1.4,4,12.2,24.6,111,100,5.5,4.7,10.2,0.182,1.3,3.5,4.8,4.6
179,Meyers Leonard,2014-15,22,POR,NBA,55,7,15.4,2.3,4.5,1.4,2.4,0.9,2,0.5,0.6,0.8,3.7,4.5,0.6,0.2,0.3,0.7,2.1,5.9,0.51,0.586,0.42,0.606,0.938,0.631,2.8,55,7,847,14.8,0.457,0.131,5.9,25.3,15.8,5.8,0.6,1.2,13.1,15.8,117,102,1.6,1.2,2.8,0.158,0.1,0,0.2,0.5
37,DeMarre Carroll,2014-15,28,ATL,NBA,70,69,31.3,4.5,9.3,2.8,5,1.7,4.3,1.8,2.6,1.4,3.9,5.3,1.7,1.3,0.2,1.1,2.2,12.6,0.487,0.567,0.395,0.579,0.702,0.603,7,70,69,2189,15.9,0.466,0.277,5.3,13.8,9.7,8.3,2.2,0.7,9.3,16.9,117,104,4.3,2.8,7,0.154,2.4,0.5,2.9,2.7
326,E'Twaun Moore,2014-15,25,CHI,NBA,56,0,9,1.1,2.5,0.9,1.8,0.2,0.7,0.2,0.4,0.2,0.6,0.8,0.6,0.4,0.1,0.3,0.8,2.7,0.446,0.485,0.342,0.493,0.6,0.504,0.8,56,0,504,10.3,0.273,0.144,2.7,7.1,5,10.4,2.1,0.9,8.7,14.4,105,106,0.3,0.5,0.8,0.08,-1.8,-0.6,-2.5,-0.1
34,Zach Randolph,2014-15,33,MEM,NBA,71,71,32.5,6.4,13.1,6.3,12.8,0.1,0.3,3.2,4.2,3.2,7.4,10.5,2.2,1,0.2,2.2,2.5,16.1,0.487,0.49,0.35,0.491,0.765,0.538,7.2,71,71,2304,19.5,0.021,0.32,11.2,25.8,18.5,11.4,1.6,0.5,12.8,24.3,107,101,3.4,3.8,7.2,0.149,0.4,1.1,1.5,2
63,Kenneth Faried,2014-15,25,DEN,NBA,75,71,27.8,5,9.8,5,9.7,0,0.1,2.7,3.8,3.2,5.7,8.9,1.2,0.8,0.8,1.6,2.8,12.6,0.507,0.511,0.125,0.507,0.691,0.548,5.6,75,71,2086,18.4,0.011,0.391,12.1,22.9,17.3,7.1,1.5,2.1,12,20.3,111,106,3.5,2.1,5.6,0.13,-0.2,0.9,0.8,1.4
256,Dante Cunningham,2014-15,27,NOP,NBA,66,27,25,2.3,5.1,2.3,5,0,0.2,0.4,0.7,1.1,2.8,3.9,0.8,0.7,0.6,0.5,1.5,5.2,0.457,0.468,0.1,0.459,0.617,0.473,1.6,66,27,1652,8.9,0.029,0.139,4.8,12.8,8.8,4.4,1.5,1.7,8.9,10.9,102,108,0.5,1.2,1.6,0.047,-2.6,1,-1.6,0.2
315,Darrell Arthur,2014-15,26,DEN,NBA,58,4,17,2.7,6.6,2.2,4.7,0.4,1.9,0.8,1,0.9,2,2.9,1,0.8,0.4,0.8,2.5,6.6,0.404,0.471,0.236,0.438,0.78,0.466,0.9,58,4,988,11.5,0.286,0.154,5.6,13.4,9.3,9.3,2.4,2.1,10.3,20,97,106,-0.1,0.9,0.9,0.042,-1.8,0.7,-1.1,0.2
109,Robert Covington,2014-15,24,PHI,NBA,70,49,27.9,4.3,10.8,1.9,4.4,2.4,6.4,2.5,3.1,0.9,3.6,4.5,1.5,1.4,0.4,1.8,2.7,13.5,0.396,0.426,0.374,0.506,0.82,0.554,4,70,49,1956,14.7,0.59,0.287,3.4,14.6,8.8,9.8,2.5,1.3,13.1,21.8,104,104,1.6,2.3,4,0.097,0.6,-0.5,0.2,1.1
20,Kevin Love,2014-15,26,CLE,NBA,75,75,33.8,5.5,12.7,3.6,7.5,1.9,5.2,3.4,4.3,1.9,7.9,9.7,2.2,0.7,0.5,1.6,1.9,16.4,0.434,0.48,0.367,0.509,0.804,0.562,8.7,75,75,2532,18.8,0.412,0.337,6.5,26.3,16.6,10.7,1,1.2,10,21.7,115,105,5.8,2.9,8.7,0.165,2,-0.1,1.9,2.5
4,Anthony Davis,2014-15,21,NOP,NBA,68,68,36.1,9.4,17.6,9.4,17.5,0,0.2,5.5,6.8,2.5,7.7,10.2,2.2,1.5,2.9,1.4,2.1,24.4,0.535,0.54,0.083,0.536,0.805,0.591,14,68,68,2455,30.8,0.01,0.384,8,24.1,16.1,11.6,2.1,6.2,6.3,27.8,122,100,9.9,4.2,14,0.274,4.2,3,7.1,5.7
477,Cartier Martin,2014-15,30,DET,NBA,23,0,8.6,0.7,2.3,0.4,0.9,0.3,1.4,0,0,0,0.9,0.9,0.5,0.1,0,0.2,0.9,1.6,0.283,0.45,0.182,0.34,,0.34,-0.2,23,0,198,1.6,0.623,0,0,11.4,5.5,8,0.8,0.4,8.6,13,76,110,-0.3,0.1,-0.2,-0.053,-5.5,-1.6,-7.1,-0.3
379,Steve Novak,2014-15,31,TOT,NBA,35,0,5.6,0.6,1.6,0.1,0.2,0.5,1.4,0,0.1,0.1,0.6,0.6,0.3,0,0.1,0.1,0.7,1.8,0.393,0.375,0.396,0.563,0,0.554,0.3,35,0,197,8.6,0.857,0.036,1.1,11.4,6.3,8.6,0,0.8,8.1,14.1,111,111,0.2,0.1,0.3,0.075,-0.2,-3.2,-3.4,-0.1
325,Kendall Marshall,2014-15,23,MIL,NBA,28,3,14.9,1.6,3.6,1,2,0.6,1.6,0.3,0.3,0.1,0.9,1,3.1,0.8,0,1.3,0.9,4.2,0.455,0.509,0.391,0.545,0.889,0.562,0.8,28,3,417,12.4,0.455,0.089,0.6,7.1,3.8,31.1,2.6,0,25,15.1,104,105,0.3,0.5,0.8,0.088,-1.7,-2.4,-4.1,-0.2
490,Gary Harris,2014-15,20,DEN,NBA,55,6,13.1,1.2,3.9,0.8,2.1,0.4,1.9,0.6,0.9,0.4,0.8,1.2,0.5,0.7,0.1,0.7,1.3,3.4,0.304,0.395,0.204,0.353,0.745,0.395,-0.7,55,6,719,4.9,0.475,0.217,3,6.7,4.8,5.9,2.7,0.8,13.8,16.6,81,109,-1.2,0.5,-0.7,-0.046,-4.2,-0.1,-4.3,-0.4
255,Kent Bazemore,2014-15,25,ATL,NBA,75,10,17.7,1.9,4.4,1.2,2.7,0.6,1.8,0.8,1.3,0.3,2.7,3,1,0.7,0.4,1,1.7,5.2,0.426,0.467,0.364,0.498,0.6,0.52,1.6,75,10,1324,9.7,0.399,0.302,1.9,16.8,9.6,8.6,2,2.1,16.3,15.5,94,102,-0.4,1.9,1.6,0.057,-3.1,1.3,-1.8,0.1
66,Chandler Parsons,2014-15,26,DAL,NBA,66,66,33.1,5.8,12.6,3.8,7.3,2,5.3,2.1,2.9,1,3.9,4.9,2.4,1,0.3,1.5,2.1,15.7,0.462,0.521,0.38,0.542,0.72,0.567,5.5,66,66,2186,16.3,0.419,0.233,3.2,13,8.1,11.4,1.6,0.7,9.5,20.6,112,108,3.8,1.7,5.5,0.121,2.7,-0.2,2.5,2.5
270,Garrett Temple,2014-15,28,WAS,NBA,52,18,14.1,1.3,3.3,0.7,1.6,0.6,1.7,0.7,0.9,0.5,1.3,1.7,1.1,0.8,0.2,0.7,1.5,3.9,0.4,0.427,0.375,0.497,0.729,0.534,1.5,52,18,735,10.9,0.518,0.282,3.8,9.9,6.9,11,2.9,1,15.1,13.9,104,102,0.4,1.1,1.5,0.1,-0.6,1.4,0.8,0.5
38,Ty Lawson,2014-15,27,DEN,NBA,75,75,35.5,5.4,12.3,4.5,9.6,0.9,2.7,3.5,4.8,0.6,2.6,3.1,9.6,1.2,0.1,2.5,1.7,15.2,0.436,0.463,0.341,0.474,0.73,0.526,7,75,75,2665,18.5,0.221,0.392,1.6,8.1,4.7,43,1.7,0.3,14.6,20.6,113,111,6,1,7,0.126,2.7,-2.1,0.5,1.7
438,Malcolm Lee,2014-15,24,PHI,NBA,1,0,2,0,1,0,1,0,0,0,0,0,0,0,0,0,0,0,0,0,0,0,,0,,0,0,1,0,2,-19.7,0,0,0,0,0,0,0,0,0,21.8,0,115,0,0,0,-0.527,-21.9,-6.7,-28.5,0
170,Marco Belinelli,2014-15,28,SAS,NBA,62,9,22.4,3.2,7.6,1.8,3.9,1.4,3.7,1.4,1.6,0.4,2.1,2.5,1.5,0.5,0,1,1.4,9.2,0.423,0.471,0.374,0.515,0.848,0.553,2.9,62,9,1388,12.4,0.489,0.211,2.2,10.5,6.4,10.3,1.1,0.2,10.6,18.8,107,106,1.5,1.4,2.9,0.1,0.6,-1.1,-0.5,0.5
177,Mario Chalmers,2014-15,28,MIA,NBA,80,37,29.6,3.3,8.3,2.4,5.2,0.9,3.1,2.6,3.3,0.3,2.3,2.6,3.8,1.5,0.1,2.2,3.1,10.2,0.403,0.467,0.294,0.458,0.774,0.521,2.8,80,37,2368,11.7,0.374,0.401,1.2,9,5.2,21,2.7,0.4,18.2,18.9,100,107,0.8,2,2.8,0.056,-0.6,-0.4,-1,0.6
163,Tarik Black,2014-15,23,TOT,NBA,63,39,19,2.5,4.3,2.5,4.3,0,0,1,1.9,2.3,3.6,5.8,0.7,0.3,0.4,0.8,2.5,6,0.575,0.577,0,0.575,0.551,0.583,3.1,63,39,1196,14.7,0.004,0.432,12.8,21.4,17,5.6,0.8,1.6,12.9,13.8,118,108,2.2,0.9,3.1,0.124,-1,-0.6,-1.6,0.1
140,Kelly Olynyk,2014-15,23,BOS,NBA,64,13,22.2,3.9,8.3,3,5.5,1,2.7,1.5,2.1,1.4,3.3,4.7,1.7,1,0.6,1.5,3.3,10.3,0.475,0.538,0.349,0.533,0.684,0.558,3.6,64,13,1423,15.9,0.331,0.258,7,16.5,11.7,12.2,2.3,2.1,14.3,21.1,105,102,1.5,2.1,3.6,0.12,0.7,1.4,2.1,1.5
396,Archie Goodwin,2014-15,20,PHO,NBA,41,2,13,1.9,4.9,1.6,3.9,0.3,1,1.5,2,0.7,1.1,1.8,1.1,0.4,0.2,1.2,1.3,5.6,0.393,0.419,0.293,0.423,0.735,0.486,0.2,41,2,535,11.2,0.204,0.413,5.5,9.7,7.6,12.6,1.7,1.3,16.8,23.4,94,108,-0.2,0.4,0.2,0.014,-3.3,-1.2,-4.5,-0.3
294,Wayne Ellington,2014-15,27,LAL,NBA,65,36,25.8,3.9,9.5,2.5,5.8,1.4,3.7,0.8,1,0.5,2.8,3.2,1.6,0.5,0,0.8,1.2,10,0.412,0.439,0.37,0.485,0.813,0.504,1.2,65,36,1675,11.6,0.394,0.104,2,12.3,6.9,10.2,1,0.1,7.2,18.5,103,114,1.1,0.1,1.2,0.034,-0.4,-2.6,-3,-0.4
260,Kyle O'Quinn,2014-15,24,ORL,NBA,51,17,16.2,2.3,4.7,2.1,3.9,0.2,0.8,0.9,1.1,0.9,3,3.9,1.2,0.6,0.8,1.1,2.2,5.8,0.492,0.538,0.279,0.517,0.772,0.55,1.6,51,17,824,14.8,0.178,0.236,6.2,21.4,13.6,11.3,1.9,3.8,17.1,17.7,103,104,0.5,1.1,1.6,0.091,-2.1,2,-0.2,0.4
153,Jrue Holiday,2014-15,24,NOP,NBA,40,37,32.6,6,13.4,4.7,10,1.3,3.4,1.6,1.9,0.8,2.6,3.4,6.9,1.6,0.6,2.3,2.8,14.8,0.446,0.469,0.378,0.493,0.855,0.522,3.4,40,37,1303,18.8,0.253,0.142,2.8,9,5.9,34.9,2.5,1.3,13.8,23.1,109,107,2.3,1.1,3.4,0.124,3,-0.7,2.3,1.4
274,Glen Davis,2014-15,29,LAC,NBA,74,0,12.2,1.6,3.4,1.6,3.4,0,0.1,0.8,1.3,0.6,1.7,2.3,0.5,0.6,0.3,0.5,1.8,4,0.459,0.466,0,0.459,0.632,0.495,1.4,74,0,904,10.8,0.016,0.373,5.5,15.4,10.5,6.3,2.3,1.9,11.6,16.7,100,104,0.2,1.1,1.4,0.072,-3.5,1,-2.5,-0.1
215,Jordan Hill,2014-15,27,LAL,NBA,70,57,26.8,5.1,11.1,5.1,10.9,0,0.2,1.8,2.4,2.5,5.5,7.9,1.5,0.5,0.7,1.5,2.3,12,0.459,0.462,0.273,0.461,0.738,0.494,2.2,70,57,1874,16.2,0.014,0.216,9.9,23.4,16.4,9.5,0.9,2.3,11.1,22.7,101,109,1.1,1.1,2.2,0.055,-2,-0.6,-2.6,-0.3
84,Tobias Harris,2014-15,22,ORL,NBA,68,63,34.8,6.5,14,5.2,10.4,1.3,3.5,2.8,3.6,1.1,5.3,6.3,1.8,1,0.5,1.7,2,17.1,0.466,0.5,0.364,0.512,0.788,0.551,4.8,68,63,2369,16.7,0.252,0.258,3.4,17.3,10.3,8.8,1.5,1.2,9.8,22.5,107,108,3,1.8,4.8,0.098,0.4,-0.7,-0.3,1
50,Tyler Zeller,2014-15,25,BOS,NBA,82,59,21.1,4.1,7.5,4.1,7.5,0,0,1.9,2.3,1.8,3.9,5.7,1.4,0.2,0.6,0.9,2.5,10.2,0.549,0.549,,0.549,0.823,0.594,6.5,82,59,1731,18.9,0,0.3,9.1,20.5,14.7,10.8,0.5,2.3,9.8,19.6,119,105,4.5,2,6.5,0.179,0.4,0.4,0.9,1.2
234,Joey Dorsey,2014-15,31,HOU,NBA,69,17,12.4,1.2,2.1,1.2,2.1,0,0,0.3,1.2,1.5,2.6,4,0.4,0.6,0.4,0.6,2.3,2.7,0.552,0.556,0,0.552,0.289,0.507,1.9,69,17,854,11.1,0.007,0.572,13.3,22.7,18,4.4,2.3,2.3,18.4,11.3,103,100,0.4,1.5,1.9,0.108,-3.5,2.1,-1.4,0.1
144,Deron Williams,2014-15,30,BRK,NBA,68,55,31.1,4.4,11.3,3.1,7.9,1.3,3.5,3,3.5,0.4,3.1,3.5,6.6,0.9,0.3,2.3,2.3,13,0.387,0.395,0.367,0.443,0.834,0.504,3.6,68,55,2114,15.7,0.307,0.313,1.5,11,6.3,33.7,1.6,0.6,14.9,22.3,105,109,2.3,1.3,3.6,0.083,1.3,-1.2,0.1,1.1
6,Jimmy Butler,2014-15,25,CHI,NBA,65,65,38.7,6.5,14,5.4,11.1,1.1,3,5.9,7.1,1.8,4.1,5.8,3.3,1.8,0.6,1.4,1.7,20,0.462,0.484,0.378,0.502,0.834,0.583,11.2,65,65,2513,21.3,0.212,0.508,5.1,11.2,8.2,14.4,2.3,1,7.7,21.6,122,104,8.2,3,11.2,0.214,4.1,0.6,4.7,4.2
135,Monta Ellis,2014-15,29,DAL,NBA,80,80,33.7,7.5,16.9,6.5,13.4,1,3.6,2.9,3.8,0.4,2,2.4,4.1,1.9,0.3,2.5,2.5,18.9,0.445,0.487,0.285,0.475,0.752,0.509,3.6,80,80,2699,16.5,0.21,0.224,1.4,6.4,3.9,20.5,2.8,0.8,11.7,27.9,100,107,1.4,2.2,3.6,0.065,0.7,-0.7,-0.1,1.3
166,Thaddeus Young,2014-15,26,TOT,NBA,76,68,32,5.9,12.7,5.4,11.2,0.5,1.5,1.7,2.6,1.7,3.7,5.4,2.3,1.6,0.3,1.5,2.3,14.1,0.466,0.484,0.33,0.486,0.655,0.507,3.1,76,68,2434,15.7,0.119,0.207,5.8,13.5,9.6,12.4,2.6,0.8,10,21.5,102,109,1.6,1.4,3.1,0.061,0.2,-0.3,-0.1,1.2
198,Thabo Sefolosha,2014-15,30,ATL,NBA,52,7,18.8,2,4.8,1.5,3.3,0.5,1.5,0.9,1.1,1,3.3,4.3,1.4,1,0.4,0.7,1.3,5.3,0.418,0.462,0.321,0.468,0.776,0.506,2.5,52,7,976,13.8,0.313,0.233,6.4,19.3,13.1,11.2,2.8,1.8,12.2,14.6,106,100,0.8,1.7,2.5,0.121,-1.2,2.5,1.3,0.8
412,Andrew Nicholson,2014-15,25,ORL,NBA,40,3,12.3,2.1,4.8,1.8,3.7,0.3,1,0.4,0.6,0.4,1.6,2.1,0.6,0.2,0.3,0.6,1.3,4.9,0.437,0.47,0.317,0.471,0.6,0.483,0.1,40,3,492,10.3,0.216,0.132,3.8,15.2,9.4,7.3,0.6,2,10.7,20.8,94,109,-0.2,0.3,0.1,0.007,-4,-2.1,-6.2,-0.5
425,Clint Capela,2014-15,20,HOU,NBA,12,0,7.5,1.2,2.4,1.2,2.4,0,0,0.3,1.9,0.8,2.2,3,0.2,0.1,0.8,0.4,1.2,2.7,0.483,0.483,,0.483,0.174,0.409,0,12,0,90,12.1,0,0.793,12.3,31.8,22.1,3.6,0.6,7.8,11.3,21.3,84,97,-0.2,0.2,0,0.019,-8.8,1,-7.8,-0.1
491,Zach LaVine,2014-15,19,MIN,NBA,77,40,24.7,3.7,8.8,3,6.6,0.7,2.2,1.9,2.3,0.4,2.4,2.8,3.6,0.7,0.1,2.5,2.1,10.1,0.422,0.449,0.341,0.465,0.842,0.515,-0.7,77,40,1902,11.3,0.247,0.261,1.6,11.6,6.4,24,1.4,0.4,20.4,22,95,114,-0.7,0,-0.7,-0.018,-1.7,-2.7,-4.5,-1.2
363,Elijah Millsap,2014-15,27,UTA,NBA,47,5,19.7,1.7,5.1,1.1,3.1,0.6,1.9,1.2,1.8,0.6,2.6,3.2,1.2,1.2,0.3,1.4,2.6,5.3,0.34,0.358,0.311,0.399,0.674,0.45,0.4,47,5,924,7.9,0.378,0.361,3.5,15.2,9.4,9.7,3.2,1.4,19.5,17,87,102,-1,1.4,0.4,0.02,-3.5,1.9,-1.6,0.1
394,Raymond Felton,2014-15,30,DAL,NBA,29,3,9.7,1.5,3.7,1.1,2.5,0.3,1.2,0.4,0.5,0.1,0.8,0.9,1.4,0.4,0.1,0.6,0.6,3.7,0.406,0.458,0.294,0.453,0.8,0.48,0.2,29,3,281,12.4,0.321,0.142,0.8,9.4,5.1,21.9,2,1.2,13.8,20.7,98,108,0,0.2,0.2,0.039,-1.8,-1.3,-3,-0.1
308,Dion Waiters,2014-15,23,TOT,NBA,80,23,27.6,4.7,11.8,3.8,8.8,0.9,3.1,1.5,2.2,0.5,1.9,2.4,2,1.1,0.3,1.4,1.9,11.8,0.396,0.431,0.297,0.435,0.68,0.46,1.1,80,23,2208,10.9,0.26,0.182,2.1,7.4,4.8,11.9,2.1,0.8,10,22.5,95,108,-0.6,1.7,1.1,0.025,-2.1,-1.5,-3.6,-0.9
429,Austin Daye,2014-15,26,TOT,NBA,34,4,10.1,1.5,4.1,0.8,2.1,0.7,2.1,0.1,0.2,0.3,1.9,2.2,0.5,0.4,0.1,0.7,1.1,3.8,0.355,0.371,0.338,0.44,0.833,0.449,0,34,4,344,8.2,0.504,0.043,3.4,21,12.4,7.5,1.8,1.1,13.8,22.1,85,101,-0.6,0.5,0,-0.001,-4.4,-1,-5.4,-0.3
268,Thomas Robinson,2014-15,23,TOT,NBA,54,4,14.8,2.3,4.8,2.3,4.8,0,0,1,2,1.8,3.9,5.6,0.6,0.6,0.4,1.1,1.9,5.7,0.485,0.488,0,0.485,0.528,0.502,1.5,54,4,798,15.3,0.008,0.408,12.6,28.6,20.5,7.6,2,1.9,16.1,20.2,98,99,0,1.4,1.5,0.089,-3.8,1.1,-2.7,-0.1
51,Enes Kanter,2014-15,22,TOT,NBA,75,74,28.5,6.4,12.4,6.2,11.8,0.2,0.6,2.4,3.1,3.7,5.3,8.9,0.7,0.5,0.4,1.9,2.5,15.5,0.519,0.528,0.356,0.528,0.782,0.564,6.4,75,74,2135,20.3,0.048,0.252,14.6,20.5,17.6,4.8,0.9,1.1,12.3,24.7,111,106,4.3,2.1,6.4,0.145,0.2,-2.3,-2.1,-0.1
343,Jerami Grant,2014-15,20,PHI,NBA,65,11,21.2,1.9,5.4,1.2,3,0.8,2.4,1.8,3,0.8,2.3,3,1.2,0.6,1,1.3,2.2,6.3,0.352,0.383,0.314,0.422,0.591,0.47,0.5,65,11,1377,8.7,0.443,0.548,3.7,12.3,7.8,9.4,1.5,4,16.3,16.5,91,106,-0.9,1.4,0.5,0.019,-4.3,1,-3.3,-0.5
21,LaMarcus Aldridge,2014-15,29,POR,NBA,71,71,35.4,9.3,19.9,8.8,18.5,0.5,1.5,4.3,5.1,2.5,7.7,10.2,1.7,0.7,1,1.7,1.8,23.4,0.466,0.475,0.352,0.479,0.845,0.528,8.6,71,71,2512,22.8,0.074,0.256,7.7,22.9,15.5,9.2,1,1.9,7.2,30.2,108,102,4.9,3.7,8.6,0.165,0.3,0,0.3,1.4
129,Chris Andersen,2014-15,36,MIA,NBA,60,20,18.9,2,3.5,1.9,3.2,0.1,0.2,1.3,1.9,1.3,3.7,5,0.7,0.4,1,0.7,1.5,5.3,0.58,0.598,0.308,0.589,0.667,0.622,3.6,60,20,1132,16.1,0.063,0.551,8.2,23.2,15.9,6.1,1.2,4.6,13.5,12.3,121,103,2.1,1.5,3.6,0.151,-1.2,2.3,1,0.9
112,Marcus Morris,2014-15,25,PHO,NBA,81,35,25.2,4.1,9.4,2.7,5.6,1.4,3.9,0.9,1.4,0.9,3.9,4.8,1.6,0.8,0.2,0.9,2.3,10.4,0.434,0.487,0.358,0.507,0.628,0.52,4,81,35,2045,13.7,0.41,0.148,3.9,16.9,10.3,10.2,1.5,0.6,8.2,19,107,107,2.2,1.8,4,0.093,0.2,-0.6,-0.4,0.8
414,Glenn Robinson,2014-15,21,TOT,NBA,35,1,7.5,0.7,1.9,0.6,1.4,0.1,0.5,0.5,0.7,0.4,0.7,1.1,0.3,0.2,0,0.3,0.4,2.1,0.388,0.438,0.263,0.425,0.667,0.471,0.1,35,1,261,8.5,0.284,0.358,6.1,10.6,8.3,7,1.2,0.3,12.4,14.9,97,112,0,0.1,0.1,0.012,-3.9,-2.4,-6.3,-0.3
143,Beno Udrih,2014-15,32,MEM,NBA,79,12,18.9,3.1,6.4,2.8,5.2,0.3,1.2,1.1,1.3,0.3,1.6,1.8,2.8,0.6,0.1,1.1,1.1,7.7,0.487,0.539,0.268,0.513,0.853,0.55,3.6,79,12,1494,15.4,0.192,0.202,1.5,9.4,5.5,24,1.6,0.4,13.9,19.6,108,105,2,1.6,3.6,0.115,0.2,-1,-0.8,0.5
454,Earl Clark,2014-15,27,BRK,NBA,10,0,9.3,1.1,3,0.7,1.6,0.4,1.4,0.1,0.4,0.1,2.2,2.3,0.3,0.3,0.4,0.6,1.2,2.7,0.367,0.438,0.286,0.433,0.25,0.425,-0.1,10,0,93,6.7,0.467,0.133,1.2,26.5,13.9,5,1.7,3.5,15.9,18.5,76,102,-0.2,0.1,-0.1,-0.037,-6.6,0.5,-6.1,-0.1
407,Spencer Dinwiddie,2014-15,21,DET,NBA,34,1,13.4,1.5,5,1.1,3.1,0.4,1.9,0.9,1,0.1,1.3,1.4,3.1,0.6,0.2,1,1.6,4.3,0.302,0.375,0.185,0.337,0.912,0.394,0.1,34,1,455,10.2,0.385,0.201,0.9,10.9,5.7,34.9,2.2,1,15.2,21.1,92,107,-0.3,0.4,0.1,0.009,-2.6,-1.5,-4.2,-0.2
262,Larry Sanders,2014-15,26,MIL,NBA,27,26,21.7,3.2,6.4,3.2,6.4,0,0,0.9,1.8,2.5,3.7,6.1,0.9,1,1.4,1,3.9,7.3,0.5,0.5,,0.5,0.5,0.507,1.6,27,26,586,15.2,0,0.279,13.2,19.2,16.2,6.3,2.3,5.6,12.7,17,104,98,0.4,1.2,1.6,0.132,-2,3.4,1.4,0.5
161,Alexis Ajinca,2014-15,26,NOP,NBA,68,8,14.1,2.7,4.8,2.7,4.8,0,0,1.2,1.5,1.5,3.1,4.6,0.7,0.3,0.8,1,2.2,6.5,0.55,0.55,,0.55,0.818,0.595,3.2,68,8,957,19.9,0,0.301,12.4,25,18.7,8.2,1.2,4,15.6,21.1,113,103,1.9,1.2,3.2,0.159,-0.5,0.6,0.2,0.5
482,Travis Wear,2014-15,24,NYK,NBA,51,1,13.2,1.6,4.1,1.4,3.5,0.2,0.6,0.4,0.5,0.6,1.5,2.1,0.8,0.3,0.2,0.7,1.1,3.9,0.402,0.408,0.367,0.428,0.769,0.451,-0.3,51,1,672,8.5,0.144,0.124,5.2,13.3,9.1,9.9,1.2,1.4,13.7,17.5,90,112,-0.5,0.2,-0.3,-0.02,-4.5,-1.6,-6.1,-0.7
492,Lance Stephenson,2014-15,24,CHO,NBA,61,25,25.8,3.4,9,3.1,7.3,0.3,1.7,1.1,1.8,0.6,3.9,4.5,3.9,0.6,0.1,2.1,2.2,8.2,0.376,0.425,0.171,0.393,0.627,0.419,-0.9,61,25,1573,8.8,0.191,0.2,2.7,17.1,9.7,25.4,1.2,0.4,17.6,21.1,85,105,-2.7,1.8,-0.9,-0.026,-4,0.5,-3.5,-0.6
64,Serge Ibaka,2014-15,25,OKC,NBA,64,64,33.1,5.8,12.3,4.6,9.1,1.2,3.2,1.4,1.7,2.1,5.7,7.8,0.9,0.5,2.4,1.5,3,14.3,0.476,0.511,0.376,0.525,0.836,0.549,5.6,64,64,2116,16.6,0.261,0.14,7,18.1,12.6,4.2,0.7,5.8,10.4,18.9,109,104,2.9,2.7,5.6,0.127,-0.5,1.3,0.8,1.5
417,Malcolm Thomas,2014-15,26,PHI,NBA,17,0,11.4,1.1,2.4,1.1,1.9,0,0.4,0.5,0.8,0.9,2.4,3.3,0.4,0.2,0.1,0.8,1,2.6,0.45,0.545,0,0.45,0.692,0.492,0.1,17,0,194,8.2,0.175,0.325,8.5,23.5,15.6,6,0.8,0.4,22.1,13.2,91,106,-0.1,0.2,0.1,0.023,-6.4,-1,-7.4,-0.3
26,Paul Millsap,2014-15,29,ATL,NBA,73,73,32.7,6.1,12.7,5,9.8,1.1,3,3.5,4.6,1.9,5.9,7.8,3.1,1.8,0.9,2.3,2.8,16.7,0.476,0.513,0.356,0.518,0.757,0.565,8.3,73,73,2390,20,0.232,0.362,6.9,20,13.6,15.4,2.8,2.4,13.3,23.8,109,99,4,4.3,8.3,0.166,1.6,2.6,4.2,3.7
175,Leandro Barbosa,2014-15,32,GSW,NBA,66,1,14.9,2.8,5.8,2.1,4.2,0.7,1.7,0.9,1.1,0.3,1,1.4,1.5,0.6,0.1,0.7,1.3,7.1,0.474,0.511,0.384,0.53,0.784,0.558,2.8,66,1,982,15.3,0.29,0.192,2.6,7.2,5,14.9,2,0.6,9.5,20.5,111,104,1.6,1.2,2.8,0.137,0.4,-1.2,-0.8,0.3
165,Jodie Meeks,2014-15,27,DET,NBA,60,0,24.4,3.7,8.9,2.5,5.4,1.2,3.5,2.4,2.7,0.2,1.5,1.7,1.3,1,0.1,1,1.3,11.1,0.416,0.46,0.349,0.485,0.906,0.548,3.1,60,0,1462,14.1,0.397,0.3,0.9,7.1,3.9,8.8,2.1,0.3,8.6,20.1,110,109,2.2,0.9,3.1,0.103,0.7,-1.6,-0.9,0.4
254,Luke Babbitt,2014-15,25,NOP,NBA,63,19,13.2,1.5,3,0.5,1.2,0.9,1.8,0.2,0.3,0.2,1.6,1.8,0.4,0.3,0.2,0.4,1,4.1,0.479,0.429,0.513,0.633,0.684,0.639,1.6,63,19,830,11.1,0.599,0.099,1.6,13.5,7.6,4.3,1.1,1,11.5,12.4,117,110,1.1,0.5,1.6,0.092,0,-1.4,-1.4,0.1
484,Cleanthony Early,2014-15,23,NYK,NBA,39,7,16.6,1.9,5.5,1.4,3.3,0.6,2.2,0.9,1.2,0.6,1.9,2.5,0.9,0.6,0.3,1,1.5,5.4,0.355,0.415,0.262,0.407,0.75,0.447,-0.4,39,7,647,8.4,0.393,0.224,3.8,13.8,8.7,9.1,2,1.5,14.5,19.6,87,110,-0.8,0.4,-0.4,-0.03,-3.8,-1.3,-5.2,-0.5
267,Austin Rivers,2014-15,22,TOT,NBA,76,5,20.6,2.7,6.5,2.2,4.8,0.5,1.7,1.1,1.7,0.4,1.6,2,2,0.6,0.2,0.9,1.9,7,0.409,0.449,0.298,0.449,0.675,0.481,1.5,76,5,1563,10.3,0.264,0.254,2,8.9,5.5,14.7,1.6,0.7,10.5,17.9,100,109,0.5,1,1.5,0.046,-1.7,-1.2,-2.9,-0.4
435,Dahntay Jones,2014-15,34,LAC,NBA,33,0,3.7,0.2,0.6,0.2,0.5,0,0.1,0.3,0.3,0,0.3,0.3,0.1,0.1,0,0,0.7,0.6,0.286,0.353,0,0.286,0.818,0.406,0,33,0,123,1.9,0.19,0.524,0.9,9,5,2.1,1.2,0,3.7,9.8,91,109,0,0.1,0,0.013,-5.2,-1.3,-6.4,-0.1
483,Larry Drew,2014-15,24,PHI,NBA,12,1,18.3,1.7,4.8,1.3,2.7,0.3,2.2,0.2,0.3,0.1,1.2,1.3,3.8,0.5,0,2.1,1.1,3.8,0.345,0.5,0.154,0.379,0.667,0.388,-0.4,12,1,219,4.5,0.448,0.052,0.5,7.3,3.7,33.9,1.4,0,29.6,16.8,77,110,-0.5,0.1,-0.4,-0.087,-7.3,-4.1,-11.4,-0.5
277,Ray McCallum,2014-15,23,SAC,NBA,68,30,21.1,3,6.9,2.5,5.3,0.5,1.6,0.8,1.2,0.8,1.9,2.6,2.8,0.7,0.2,1.3,1.4,7.4,0.438,0.479,0.306,0.474,0.679,0.496,1.4,68,30,1436,12.5,0.236,0.179,4.3,9.8,7.1,21.3,1.6,0.6,14.4,18.2,102,111,0.8,0.5,1.4,0.045,-0.4,-1.3,-1.7,0.1
19,Al Horford,2014-15,28,ATL,NBA,76,76,30.5,6.8,12.7,6.7,12.2,0.1,0.5,1.4,1.9,1.7,5.4,7.2,3.2,0.9,1.3,1.3,1.6,15.2,0.538,0.547,0.306,0.544,0.759,0.563,8.7,76,76,2318,21.4,0.037,0.146,6.7,19.8,13.4,18.6,1.5,3.5,8.9,22.2,114,102,5.1,3.6,8.7,0.179,1.3,2.5,3.8,3.4
459,Tim Frazier,2014-15,24,TOT,NBA,11,3,21.7,1.9,5.5,1.5,4,0.5,1.5,0.9,1.9,0.5,2,2.5,5.5,0.7,0,2.3,2.4,5.2,0.344,0.364,0.294,0.385,0.476,0.406,-0.1,11,3,239,8.1,0.279,0.344,2.6,10.2,6.3,39.4,1.7,0,26.2,17.5,88,108,-0.3,0.2,-0.1,-0.017,-4.9,-2.4,-7.3,-0.3
250,Wesley Johnson,2014-15,27,LAL,NBA,76,59,29.5,3.8,9.1,2.6,5.7,1.2,3.4,1.2,1.5,0.9,3.3,4.2,1.6,0.8,0.6,1.1,2.1,9.9,0.414,0.451,0.351,0.48,0.804,0.509,1.7,76,59,2245,11.1,0.375,0.162,3.2,12.9,7.8,8.6,1.3,1.6,10.5,16.4,102,112,1,0.7,1.7,0.037,-0.9,-0.6,-1.5,0.3
85,Courtney Lee,2014-15,29,MEM,NBA,77,74,30.6,3.7,8.4,2.6,5.4,1.2,2.9,1.4,1.7,0.3,2,2.3,2,1,0.2,1,1.7,10.1,0.448,0.473,0.402,0.518,0.86,0.555,4.8,77,74,2354,11.5,0.348,0.201,1,7.6,4.3,9.8,1.7,0.4,10,15.2,109,106,2.5,2.4,4.8,0.099,0.3,0.2,0.5,1.5
128,J.R. Smith,2014-15,29,TOT,NBA,70,51,29.7,4.5,10.8,2.2,4.7,2.3,6.1,0.8,1,0.4,2.7,3.1,2.8,1.2,0.3,1.4,2.3,12.1,0.417,0.462,0.383,0.525,0.75,0.538,3.7,70,51,2080,13.6,0.564,0.095,1.7,10.4,6,15.6,2.1,0.8,11,19.3,107,108,2.2,1.5,3.7,0.085,1.7,-1,0.7,1.4
186,Otto Porter,2014-15,21,WAS,NBA,74,13,19.4,2.4,5.3,1.9,3.9,0.5,1.4,0.8,1.1,0.9,2,3,0.9,0.6,0.4,0.7,1.3,6,0.45,0.491,0.337,0.495,0.734,0.523,2.7,74,13,1432,11.6,0.266,0.202,5.6,11.6,8.7,6.8,1.6,1.7,10.9,15.1,105,104,1,1.8,2.7,0.092,-1.4,0.9,-0.4,0.6
174,Lavoy Allen,2014-15,25,IND,NBA,63,0,17,2.2,4.7,2.2,4.7,0,0,0.5,0.7,2,3.2,5.1,1.2,0.2,0.7,0.6,1.6,5,0.472,0.472,,0.472,0.702,0.493,2.8,63,0,1070,14.9,0,0.157,12.8,20.5,16.7,10.9,0.7,3.1,11.1,15.2,109,102,1.3,1.6,2.8,0.127,-1.4,2.2,0.8,0.8
236,Kevin Garnett,2014-15,38,TOT,NBA,47,47,20.3,3,6.5,3,6.4,0,0.1,0.8,1,1,5.6,6.6,1.6,1,0.4,1,2.3,6.9,0.467,0.475,0.143,0.469,0.8,0.496,1.9,47,47,952,15.2,0.023,0.147,5.7,31.1,18.3,13.1,2.5,1.4,12.4,17.8,101,101,0.4,1.5,1.9,0.096,-2.6,2.4,-0.2,0.4
157,Brandon Jennings,2014-15,25,DET,NBA,41,41,28.6,5.3,13.2,3.5,8.1,1.9,5.1,2.9,3.5,0.5,2,2.5,6.6,1.1,0.1,2.2,1.6,15.4,0.401,0.428,0.36,0.471,0.839,0.522,3.3,41,41,1173,19.7,0.389,0.263,1.9,8,4.8,39.9,1.9,0.3,12.9,26.3,110,109,2.6,0.7,3.3,0.136,4.3,-2.5,1.8,1.1
80,Reggie Jackson,2014-15,24,TOT,NBA,77,40,29.5,5.6,12.9,4.7,9.8,0.9,3.1,2.4,2.8,0.7,3.5,4.2,6,0.8,0.1,2.4,2.2,14.5,0.434,0.477,0.299,0.47,0.83,0.511,4.9,77,40,2268,17.2,0.242,0.219,2.6,12.9,7.8,34.8,1.4,0.3,14.6,24.6,106,108,3.3,1.7,4.9,0.104,1.9,-1.2,0.8,1.6
185,Jeremy Lin,2014-15,26,LAL,NBA,74,30,25.8,3.7,8.8,2.9,6.5,0.9,2.4,2.9,3.6,0.4,2.3,2.6,4.6,1.1,0.4,2.2,2.6,11.2,0.424,0.444,0.369,0.473,0.795,0.539,2.7,74,30,1907,15.6,0.269,0.41,1.4,10.2,5.7,28.6,2.2,1.4,17.7,21.9,104,110,1.8,0.8,2.7,0.068,0.5,-1.3,-0.8,0.6
450,Cameron Bairstow,2014-15,24,CHI,NBA,18,1,3.6,0.2,0.8,0.2,0.8,0,0,0.2,0.3,0.3,0.1,0.4,0.1,0.1,0.1,0.2,0.4,0.6,0.214,0.214,,0.214,0.8,0.309,-0.1,18,1,64,2.1,0,0.357,10.5,3.3,6.8,2.2,1.6,1.1,15.6,13.5,77,108,-0.1,0,-0.1,-0.048,-6.7,-1,-7.7,-0.1
29,John Wall,2014-15,24,WAS,NBA,79,79,35.9,6.6,14.8,5.7,12,0.8,2.7,3.6,4.6,0.5,4.2,4.6,10,1.7,0.6,3.8,2.3,17.6,0.445,0.478,0.3,0.473,0.785,0.523,7.8,79,79,2837,19.9,0.186,0.31,1.5,12.8,7.3,46.3,2.5,1.3,18.7,26.1,105,102,3.6,4.2,7.8,0.132,2.4,1.1,3.5,3.9
272,Isaiah Canaan,2014-15,23,TOT,NBA,47,21,20,3.1,8,1.2,2.8,1.9,5.2,1,1.3,0.4,1.5,1.9,2.1,0.6,0.1,1.3,1.8,9.2,0.386,0.417,0.37,0.507,0.817,0.534,1.4,47,21,938,12.4,0.651,0.159,2.1,8.3,5.1,18.7,1.5,0.3,13.3,21.6,103,108,0.8,0.7,1.4,0.072,0.7,-2.9,-2.2,-0.1
44,Tristan Thompson,2014-15,23,CLE,NBA,82,15,26.8,3.3,6,3.3,6,0,0,1.9,3,3.3,4.7,8,0.5,0.4,0.7,1,2.3,8.5,0.547,0.547,,0.547,0.641,0.58,6.8,82,15,2194,15.6,0,0.508,14.5,19.7,17.2,2.7,0.8,2.2,12.2,14,121,106,4.7,2.1,6.8,0.148,-0.3,-0.3,-0.6,0.8
86,Mason Plumlee,2014-15,24,BRK,NBA,82,45,21.3,3.4,6,3.4,5.9,0,0,1.9,3.9,2.1,4.1,6.2,0.9,0.8,0.8,1.3,2.5,8.7,0.573,0.576,0,0.573,0.495,0.57,4.8,82,45,1743,18,0.006,0.648,11.3,21.6,16.5,7,1.9,2.9,14.4,19.2,109,103,2.5,2.3,4.8,0.131,-0.5,1.4,0.8,1.2
150,Dwyane Wade,2014-15,33,MIA,NBA,62,62,31.8,8.2,17.5,7.7,15.8,0.5,1.6,4.6,6,0.9,2.6,3.5,4.8,1.2,0.3,3.4,1.7,21.5,0.47,0.489,0.284,0.483,0.768,0.534,3.5,62,62,1971,21.4,0.094,0.341,3.6,9.6,6.7,32.1,2,0.9,14.4,34.7,102,108,2.1,1.4,3.5,0.086,2.4,-1.2,1.2,1.6
190,Rasual Butler,2014-15,35,WAS,NBA,75,1,20.1,2.9,6.9,1.7,3.8,1.2,3.1,0.7,0.9,0.4,2.3,2.6,0.8,0.4,0.3,0.6,1.3,7.7,0.422,0.45,0.387,0.51,0.791,0.531,2.6,75,1,1505,11.4,0.455,0.13,2.1,12.4,7.4,6.5,1,1.2,8.1,17.9,104,105,1,1.6,2.6,0.084,-0.8,-0.8,-1.7,0.1
300,Derrick Rose,2014-15,26,CHI,NBA,51,51,30,6.6,16.4,5.1,11.1,1.5,5.3,3,3.7,0.7,2.5,3.2,4.9,0.7,0.3,3.2,1.2,17.7,0.405,0.465,0.28,0.45,0.813,0.493,1.2,51,51,1530,15.9,0.325,0.224,2.6,8.7,5.7,30.7,1.2,0.8,14.9,31.7,97,108,0,1.2,1.2,0.038,1.1,-2.3,-1.3,0.3
182,Alan Anderson,2014-15,32,BRK,NBA,74,19,23.6,2.6,5.9,1.6,3.1,1,2.8,1.1,1.4,0.4,2.3,2.8,1.1,0.8,0.1,0.8,2,7.4,0.443,0.53,0.348,0.526,0.812,0.563,2.7,74,19,1744,10.6,0.477,0.23,2,11.1,6.6,7.2,1.7,0.2,11,14.2,109,109,1.7,1.1,2.7,0.075,0,-0.5,-0.5,0.6
413,Kendrick Perkins,2014-15,30,TOT,NBA,68,3,16.9,1.5,3.3,1.5,3.3,0,0,0.6,1.2,1.3,3.4,4.7,0.8,0.2,0.6,1.4,2.4,3.6,0.449,0.451,0,0.449,0.506,0.467,0.1,68,3,1148,7,0.004,0.366,8.7,21.2,15.1,6.3,0.7,2.9,26.5,13.6,86,105,-1.2,1.3,0.1,0.006,-5.5,1.3,-4.2,-0.6
239,Mike Muscala,2014-15,23,ATL,NBA,40,8,12.6,2.1,3.8,1.9,3.2,0.2,0.6,0.6,0.6,1.3,1.7,3,0.6,0.4,0.5,0.5,1.3,4.9,0.55,0.574,0.409,0.579,0.88,0.608,1.9,40,8,502,18,0.146,0.166,12.2,14.8,13.5,8,1.6,3.2,11.5,16.7,120,103,1.2,0.7,1.9,0.179,0.8,0.9,1.7,0.5
440,Doug McDermott,2014-15,23,CHI,NBA,36,0,8.9,1.2,3,0.8,1.8,0.4,1.1,0.3,0.4,0.2,1,1.2,0.2,0.1,0,0.5,0.8,3,0.402,0.455,0.317,0.463,0.667,0.48,0,36,0,321,6.1,0.383,0.14,2.1,12.2,7.3,3,0.6,0.2,13,18.3,89,108,-0.3,0.2,0,-0.005,-4.8,-3.3,-8,-0.5
120,Jae Crowder,2014-15,24,TOT,NBA,82,17,20.1,2.8,6.6,2,4.1,0.7,2.5,1.3,1.7,0.9,2.7,3.6,1.1,0.9,0.3,0.6,1.7,7.7,0.42,0.499,0.293,0.476,0.773,0.517,3.9,82,17,1647,13.9,0.382,0.259,4.7,14.9,9.7,8.6,2.2,1.2,7.5,17.5,108,104,1.9,2,3.9,0.113,-0.1,0.6,0.6,1.1
402,Reggie Williams,2014-15,28,SAS,NBA,20,0,5.3,0.8,2,0.6,1,0.2,1,0.2,0.2,0.3,0.6,0.9,0.5,0.1,0,0.1,0.6,1.9,0.385,0.6,0.158,0.423,1,0.454,0.2,20,0,105,10.5,0.487,0.103,5.5,12.7,9.2,14.4,0.5,0,4.7,18.5,104,107,0.1,0.1,0.2,0.083,-0.5,-2.2,-2.7,0
139,C.J. Miles,2014-15,27,IND,NBA,70,40,26.3,4.7,11.8,2.5,5.4,2.2,6.4,1.9,2.3,0.3,2.8,3.1,1.1,0.9,0.4,1,1.9,13.5,0.398,0.459,0.345,0.491,0.807,0.525,3.6,70,40,1841,14.1,0.539,0.195,1.1,11.7,6.4,7.1,1.7,1.1,7.5,23.9,103,104,1.3,2.3,3.6,0.093,1,-1.3,-0.3,0.8
455,Chris Copeland,2014-15,30,IND,NBA,50,12,16.6,2.2,6.2,1.2,2.9,1,3.3,0.7,0.9,0.5,1.8,2.2,1,0.2,0.2,1.2,1.6,6.2,0.361,0.42,0.311,0.445,0.733,0.468,-0.1,50,12,828,7.4,0.539,0.145,3.1,11.7,7.4,9.9,0.7,1,15.2,21.3,88,106,-0.9,0.8,-0.1,-0.008,-2.8,-1.5,-4.3,-0.5
52,Ed Davis,2014-15,25,LAL,NBA,79,24,23.3,3.6,5.9,3.6,5.9,0,0,1.2,2.4,2.9,4.7,7.6,1.2,0.6,1.2,0.7,2.6,8.3,0.601,0.601,,0.601,0.487,0.594,6.3,79,24,1840,20,0,0.403,13.3,23.1,18,8.3,1.4,4.3,9.5,14.8,124,107,4.6,1.6,6.3,0.164,1.1,1.9,3,2.3
487,Johnny O'Bryant,2014-15,21,MIL,NBA,34,15,10.8,1.3,3.5,1.3,3.5,0,0,0.4,0.8,0.8,1.1,1.9,0.5,0.1,0.1,0.7,1.3,2.9,0.367,0.367,,0.367,0.444,0.379,-0.5,34,15,368,3.8,0,0.225,8.2,11.7,10,7.1,0.7,0.9,15.9,19.2,78,107,-0.8,0.3,-0.5,-0.063,-7.5,-1.6,-9,-0.7
95,Matt Barnes,2014-15,34,LAC,NBA,76,74,29.9,3.6,8.2,1.9,3.3,1.8,4.9,1,1.3,0.7,3.3,4,1.5,0.9,0.7,1.1,3.2,10.1,0.444,0.569,0.362,0.553,0.779,0.574,4.3,76,74,2271,11.3,0.603,0.152,2.6,12.2,7.5,7.2,1.5,1.8,11.6,14.9,108,107,2.2,2.1,4.3,0.091,0.9,0.7,1.6,2.1
447,David Wear,2014-15,24,SAC,NBA,2,0,3.5,0,1,0,0.5,0,0.5,0,0,1,0,1,0.5,0,0,0,0.5,0,0,0,0,0,,0,0,2,0,7,2.4,0.5,0,33.6,0,16.2,18.8,0,0,0,12.6,78,117,0,0,0,-0.11,-0.3,-2.7,-3,0
114,Marreese Speights,2014-15,27,GSW,NBA,76,9,15.9,4.2,8.5,4.1,8.3,0.1,0.2,2,2.3,1.4,2.8,4.3,0.9,0.3,0.4,1.1,2.5,10.4,0.492,0.498,0.278,0.496,0.843,0.546,4,76,9,1207,19.5,0.028,0.276,10.1,18.7,14.5,9.9,0.8,2.1,10.2,29.1,108,102,2.2,1.8,4,0.158,-1.3,-1.3,-2.6,-0.2
56,Patrick Patterson,2014-15,25,TOR,NBA,81,4,26.6,3,6.6,1.7,3.1,1.3,3.5,0.8,1,1.6,3.8,5.3,1.9,0.7,0.5,0.7,1.8,8,0.449,0.536,0.371,0.547,0.788,0.568,6.1,81,4,2156,14.6,0.529,0.15,6.8,16.3,11.6,10.7,1.4,1.6,8.7,13.1,122,108,4.4,1.7,6.1,0.137,2.5,0.7,3.2,2.8
351,Jarnell Stokes,2014-15,21,MEM,NBA,19,2,6.6,1.1,1.9,1.1,1.9,0,0,0.8,1.5,0.8,0.9,1.8,0.2,0.3,0.3,0.4,1.3,3,0.568,0.568,,0.568,0.536,0.578,0.5,19,2,126,18.6,0,0.757,14.6,16.3,15.4,5.2,2.1,3.3,12.4,20.5,114,100,0.3,0.2,0.5,0.186,-0.2,0.7,0.5,0.1
142,Jason Terry,2014-15,37,HOU,NBA,77,18,21.3,2.4,5.8,0.8,1.6,1.6,4.2,0.5,0.6,0.2,1.4,1.6,1.9,0.9,0.2,1,1.5,7,0.422,0.504,0.39,0.563,0.813,0.579,3.6,77,18,1641,11.4,0.724,0.108,1,7.1,4.1,13.8,2,0.9,13.7,14.3,112,106,2,1.5,3.6,0.104,0.3,-0.7,-0.4,0.7
442,Lucas Nogueira,2014-15,22,TOR,NBA,6,0,3.8,0.3,1.3,0.3,1.3,0,0,0.3,0.7,0.3,1.5,1.8,0.2,0.3,0,0.3,1,1,0.25,0.25,,0.25,0.5,0.307,0,6,0,23,5.2,0,0.5,10,45.1,27.6,6.2,4.5,0,17,23.1,69,93,-0.1,0.1,0,-0.071,-11,0.7,-10.3,0
334,Ronnie Price,2014-15,31,LAL,NBA,43,20,22.8,1.8,5.2,1.1,2.7,0.7,2.5,0.8,1,0.4,1.2,1.6,3.8,1.6,0.1,1.2,2.7,5.1,0.345,0.404,0.284,0.415,0.8,0.455,0.7,43,20,982,10.2,0.489,0.202,2.1,5.8,3.9,24.4,3.5,0.3,17.6,13.4,99,109,0.2,0.6,0.7,0.036,-1,-1,-2,0
53,Giannis Antetokounmpo,2014-15,20,MIL,NBA,81,71,31.4,4.7,9.6,4.6,9.1,0.1,0.5,3.2,4.3,1.2,5.5,6.7,2.6,0.9,1,2.1,3.1,12.7,0.491,0.511,0.159,0.496,0.741,0.552,6.2,81,71,2541,14.8,0.056,0.445,4.5,19.7,12.2,13.1,1.5,2.8,15.6,19.6,105,101,2.2,4,6.2,0.117,-1.7,2.1,0.5,1.6
8,Russell Westbrook,2014-15,26,OKC,NBA,67,67,34.4,9.4,22,8.1,17.7,1.3,4.3,8.1,9.8,1.9,5.4,7.3,8.6,2.1,0.2,4.4,2.7,28.1,0.426,0.457,0.299,0.455,0.835,0.536,10.6,67,67,2302,29.1,0.196,0.445,5.9,16.7,11.4,47,3,0.5,14.3,38.4,111,103,7.5,3.2,10.6,0.222,8.8,2.2,11,7.6
337,K.J. McDaniels,2014-15,21,TOT,NBA,62,15,21.8,2.8,7,2.1,4.6,0.7,2.4,1.6,2.1,1,2.2,3.2,1.2,0.7,1.1,1.7,2,7.9,0.396,0.454,0.287,0.446,0.752,0.494,0.6,62,15,1352,10.6,0.346,0.306,5,11.4,8,9.3,1.6,4.2,17.6,19.3,92,105,-0.9,1.5,0.6,0.02,-3.8,1.1,-2.7,-0.2
479,Nate Wolters,2014-15,23,TOT,NBA,21,0,11.8,1,2.7,1,2.4,0,0.3,0.1,0.3,0.4,1.2,1.6,1,0.4,0.1,0.6,0.9,2,0.351,0.4,0,0.351,0.333,0.352,-0.2,21,0,247,4.6,0.123,0.105,3.7,11.9,7.8,12.2,1.7,0.6,17.9,13.3,77,106,-0.4,0.2,-0.2,-0.036,-6.1,0,-6.1,-0.3
261,Rajon Rondo,2014-15,28,TOT,NBA,68,68,29.7,4,9.5,3.6,8.2,0.4,1.3,0.5,1.1,1.1,4.4,5.5,7.9,1.3,0.1,3.1,2.3,8.9,0.426,0.444,0.314,0.447,0.397,0.448,1.6,68,68,2018,13.5,0.133,0.121,3.9,16.4,10.1,39.3,2.3,0.3,23.6,19.5,95,105,-0.7,2.3,1.6,0.037,-1.6,1.1,-0.5,0.8
160,Shaun Livingston,2014-15,29,GSW,NBA,78,2,18.8,2.5,5.1,2.5,5.1,0,0,0.8,1.2,0.6,1.8,2.3,3.3,0.6,0.3,1.3,1.4,5.9,0.5,0.503,0,0.5,0.714,0.529,3.3,78,2,1468,12.9,0.005,0.23,3.3,10,6.7,24.2,1.6,1,19,15.9,107,104,1.5,1.8,3.3,0.107,-2.1,0.4,-1.7,0.1
100,Zaza Pachulia,2014-15,30,MIL,NBA,73,45,23.7,3.3,7.2,3.3,7.2,0,0,1.7,2.2,2.7,4.2,6.8,2.4,1.1,0.3,1.8,2.3,8.3,0.454,0.456,0,0.454,0.788,0.506,4.2,73,45,1730,15.6,0.006,0.302,13.1,19.9,16.5,16.2,2.4,1,18.2,19.1,103,100,1.3,2.9,4.2,0.116,-0.9,2.2,1.4,1.5
59,DeMarcus Cousins,2014-15,24,SAC,NBA,59,59,34.1,8.4,18.1,8.4,17.9,0,0.1,7.2,9.2,3.1,9.5,12.7,3.6,1.5,1.7,4.3,4.1,24.1,0.467,0.469,0.25,0.468,0.782,0.545,6,59,59,2013,25.2,0.008,0.508,10.8,30.6,21.1,20.4,2.3,4,16.3,34.1,104,101,2.8,3.2,6,0.144,1.4,3.3,4.7,3.4
420,Elliot Williams,2014-15,25,TOT,NBA,13,0,9.2,1.1,2.8,0.5,1.5,0.6,1.4,0.1,0.3,0,0.6,0.6,0.9,0.3,0,0.3,0.9,2.8,0.378,0.316,0.444,0.486,0.25,0.477,0.1,13,0,119,8.7,0.486,0.108,0,7.7,3.8,15.5,1.8,0,9.4,16.4,100,110,0,0.1,0.1,0.039,-1.7,-2.9,-4.6,-0.1
290,Jabari Parker,2014-15,19,MIL,NBA,25,25,29.5,5.2,10.5,5,9.9,0.2,0.6,1.8,2.6,2,3.5,5.5,1.7,1.2,0.2,1.9,1.7,12.3,0.49,0.506,0.25,0.498,0.697,0.527,1.3,25,25,738,14.5,0.061,0.251,7.8,13.5,10.7,9.5,2.1,0.6,13.9,20.7,101,103,0.4,1,1.3,0.088,-1.4,0.2,-1.2,0.1
419,Gerald Wallace,2014-15,32,BOS,NBA,32,0,8.9,0.4,1.1,0.4,1,0,0.1,0.2,0.5,0.5,1.3,1.8,0.3,0.5,0.1,0.6,0.6,1.1,0.412,0.419,0.333,0.426,0.4,0.431,0.1,32,0,286,6.2,0.088,0.441,6.4,15.5,10.9,5.1,2.6,1.1,30.7,9,79,103,-0.3,0.4,0.1,0.014,-5.8,2.6,-3.2,-0.1
424,Shannon Brown,2014-15,29,MIA,NBA,5,2,17.8,1.4,3.8,0.8,2.4,0.6,1.4,0.6,0.8,0,0.2,0.2,0.6,0.8,0,0.8,1.6,4,0.368,0.333,0.429,0.447,0.75,0.482,0,5,2,89,4.4,0.368,0.211,0,1.3,0.7,5.2,2.4,0,16.2,13.1,87,110,-0.1,0,0,-0.016,-4.2,-1.9,-6.1,-0.1
237,Gerald Green,2014-15,29,PHO,NBA,74,4,19.5,4.4,10.5,2.5,5.3,1.9,5.2,1.3,1.6,0.4,2.1,2.5,1.2,0.6,0.2,1.4,2,11.9,0.416,0.478,0.354,0.504,0.825,0.532,1.9,74,4,1446,15.4,0.497,0.154,2.5,11.7,7,10.9,1.4,0.6,11.1,28.4,101,108,1,1,1.9,0.065,0.8,-3.3,-2.4,-0.2
74,Jeff Green,2014-15,28,TOT,NBA,78,70,31.5,5.3,12.4,4.1,8.7,1.2,3.7,3.1,3.7,0.8,3.4,4.2,1.7,0.7,0.4,1.4,1.9,15,0.43,0.473,0.332,0.48,0.833,0.534,5.2,78,70,2454,14.4,0.302,0.297,2.9,12.1,7.5,8.8,1.1,1.1,9,21.9,106,106,2.7,2.4,5.2,0.101,0.1,-0.8,-0.7,0.8
307,Ramon Sessions,2014-15,28,TOT,NBA,64,10,18.6,2,5.2,1.7,4.3,0.3,0.9,2.1,2.7,0.4,1.9,2.3,2.8,0.5,0,1.3,1.1,6.3,0.374,0.387,0.317,0.403,0.769,0.49,1.1,64,10,1188,11.1,0.18,0.518,2.3,11.2,6.9,23,1.2,0,17.3,18.7,100,109,0.4,0.7,1.1,0.044,-2.3,-1.6,-3.9,-0.6
148,Jonas Jerebko,2014-15,27,TOT,NBA,75,0,16.4,2.3,5.1,1.5,3.2,0.7,1.9,0.7,0.9,1.2,2.5,3.8,0.9,0.6,0.2,0.6,1.8,6,0.446,0.481,0.386,0.517,0.848,0.549,3.5,75,0,1230,15,0.369,0.174,8,17.2,12.5,9,1.9,1.1,9.7,16.2,114,105,2,1.4,3.5,0.135,0.5,0.4,0.9,0.9
10,Kyrie Irving,2014-15,22,CLE,NBA,75,75,36.4,7.7,16.5,5.6,11.4,2.1,5,4.2,4.9,0.7,2.4,3.2,5.2,1.5,0.3,2.5,1.9,21.7,0.468,0.491,0.415,0.532,0.863,0.583,10.4,75,75,2730,21.5,0.306,0.296,2.3,7.5,5,25,2.2,0.6,11.8,26.2,117,108,8.4,2,10.4,0.183,4.7,-1.4,3.3,3.7
398,Lester Hudson,2014-15,30,LAC,NBA,5,0,11.2,1.2,2.8,0.6,1.6,0.6,1.2,0.6,0.8,0.2,1.4,1.6,1,1.2,0.2,0.6,0.8,3.6,0.429,0.375,0.5,0.536,0.75,0.571,0.2,5,0,56,16,0.429,0.286,2.1,13.8,8,12.6,5.4,1.5,16,15.1,108,98,0.1,0.1,0.2,0.141,0,3.3,3.3,0.1
224,Ian Mahinmi,2014-15,28,IND,NBA,61,6,18.8,1.9,3.5,1.9,3.5,0,0,0.5,1.7,1.7,4.1,5.8,0.5,0.5,0.8,1,2.8,4.3,0.552,0.552,,0.552,0.304,0.516,2.1,61,6,1146,10.8,0,0.481,10.2,24,17.2,4.4,1.3,3.1,18.7,12.5,98,100,0.1,2,2.1,0.09,-3.8,2.6,-1.2,0.2
349,Ricky Rubio,2014-15,24,MIN,NBA,22,22,31.5,3.5,10,3,7.6,0.6,2.3,2.6,3.2,0.9,4.8,5.7,8.8,1.7,0,2.9,2.7,10.3,0.356,0.387,0.255,0.386,0.803,0.452,0.5,22,22,692,15.2,0.233,0.324,3,18.1,10.3,43.5,2.8,0.1,20.4,20,98,110,0.1,0.4,0.5,0.033,0.1,-0.5,-0.5,0.3
15,Rudy Gobert,2014-15,22,UTA,NBA,82,37,26.3,3.1,5.2,3.1,5.2,0,0,2.1,3.3,3.2,6.2,9.5,1.3,0.8,2.3,1.4,2.1,8.4,0.604,0.607,0,0.604,0.623,0.627,9.3,82,37,2158,21.6,0.005,0.639,14.3,27.2,20.7,8.2,1.6,7,16.9,14,122,98,5,4.3,9.3,0.206,0.7,5.1,5.8,4.3
422,Jerrelle Benimon,2014-15,23,UTA,NBA,2,0,1.5,0,0,0,0,0,0,0,0,0.5,1,1.5,0,0,0,0.5,0,0,,,,,,,0,2,0,3,4.7,,,38.7,76.6,57.8,0,0,0,100,15.3,46,93,0,0,0,-0.215,-20.3,-6.6,-26.9,0
105,James Johnson,2014-15,27,TOR,NBA,70,17,19.6,3.4,5.8,3.2,5,0.2,0.7,1,1.5,0.9,2.8,3.7,1.4,0.8,1,1.1,2.2,7.9,0.589,0.643,0.216,0.603,0.657,0.617,4.1,70,17,1370,17.9,0.126,0.252,5.1,16.5,10.8,11.4,2,4.1,15,17.4,114,104,2.5,1.6,4.1,0.143,0.6,2,2.7,1.6
366,Shayne Whittington,2014-15,23,IND,NBA,20,0,5.4,1,2.1,0.9,1.8,0.1,0.3,0.9,1.2,0.5,1,1.5,0.3,0.3,0.1,0.3,0.9,2.9,0.452,0.5,0.167,0.464,0.783,0.547,0.4,20,0,108,20,0.143,0.548,10.3,19.3,14.8,9.6,2.4,1.5,8.8,23.9,114,100,0.3,0.2,0.4,0.2,0.5,0,0.5,0.1
474,Vander Blue,2014-15,22,LAL,NBA,2,1,37,4.5,15,3.5,10,1,5,1,2.5,1,3.5,4.5,4,1.5,0,3,2,11,0.3,0.35,0.2,0.333,0.4,0.342,-0.2,2,1,74,4,0.333,0.167,2.9,10.9,6.7,16.8,2.1,0,15.7,23,72,112,-0.3,0,-0.2,-0.156,-6,-2.5,-8.5,-0.1
297,Spencer Hawes,2014-15,26,LAC,NBA,73,15,17.5,2.2,5.7,1.5,3.3,0.8,2.4,0.6,0.9,0.4,3.1,3.5,1.2,0.3,0.7,0.8,2.4,5.8,0.393,0.452,0.313,0.459,0.647,0.478,1.2,73,15,1274,9.8,0.424,0.164,2.7,19.7,11.4,10,1,3.4,12.1,17.9,95,104,-0.3,1.5,1.2,0.044,-2.9,1,-1.9,0
390,Bryce Cotton,2014-15,22,UTA,NBA,15,0,10.6,1.9,4.6,1.5,3.3,0.5,1.3,1,1.2,0.2,1,1.2,1,0.3,0,0.8,0.4,5.3,0.42,0.449,0.35,0.471,0.833,0.52,0.2,15,0,159,14.5,0.29,0.261,2.2,10.8,6.5,17,1.3,0,13.5,25.6,102,109,0.1,0.1,0.2,0.067,-1.2,-3.2,-4.4,-0.1
346,James Michael McAdoo,2014-15,22,GSW,NBA,15,0,9.1,1.6,2.9,1.6,2.9,0,0,0.9,1.7,1,1.5,2.5,0.1,0.3,0.6,0.4,1.4,4.1,0.545,0.545,,0.545,0.56,0.564,0.5,15,0,137,17.7,0,0.568,12.2,16.8,14.6,2.1,1.8,4.9,9.8,19.4,113,99,0.2,0.3,0.5,0.177,-2.3,0.5,-1.8,0
361,Josh McRoberts,2014-15,27,MIA,NBA,17,4,17.4,1.6,3.1,1.2,2,0.5,1.1,0.5,0.8,0.4,2.2,2.6,1.9,0.7,0.2,1.3,2.4,4.2,0.528,0.588,0.421,0.604,0.615,0.613,0.4,17,4,296,10.2,0.358,0.245,2.9,15.1,9.1,17.5,2.1,0.9,27.3,12.8,103,106,0.1,0.3,0.4,0.07,-1.7,0.6,-1.1,0.1
441,Eric Moreland,2014-15,23,SAC,NBA,3,0,0.7,0.3,0.3,0.3,0.3,0,0,0,0,0,0.3,0.3,0,0,0,0,0.3,0.7,1,1,,1,,1,0,3,0,2,40.8,0,0,0,54.8,28.4,0,0,0,0,22,200,101,0,0,0,0.431,5.8,-10.2,-4.5,0
110,DeMar DeRozan,2014-15,25,TOR,NBA,60,60,35,6.8,16.5,6.4,15,0.4,1.5,6,7.2,0.7,3.9,4.6,3.5,1.2,0.2,2.3,2,20.1,0.413,0.426,0.284,0.426,0.832,0.51,4,60,60,2100,17.4,0.089,0.438,2.3,12.9,7.6,17,1.8,0.4,10.4,28.4,104,109,2.6,1.4,4,0.09,-0.2,-1.4,-1.6,0.2
61,Anthony Morrow,2014-15,29,OKC,NBA,74,0,24.4,3.9,8.3,1.9,3.9,1.9,4.4,1.1,1.2,0.5,2.1,2.6,0.8,0.7,0.1,0.5,1.8,10.7,0.463,0.497,0.434,0.578,0.888,0.604,5.7,74,0,1806,14.8,0.528,0.145,2.4,9.1,5.8,5.2,1.5,0.5,5.5,16.5,124,108,4.4,1.2,5.7,0.151,2.4,-1.8,0.6,1.2
449,C.J. Wilcox,2014-15,24,LAC,NBA,21,0,4.8,0.8,1.8,0.4,0.9,0.3,0.9,0.1,0.1,0,0.3,0.3,0.4,0.1,0,0.5,0.3,2,0.421,0.474,0.368,0.513,1,0.527,0,21,0,101,8.5,0.5,0.053,1.1,6.5,3.9,12,1.5,0.8,20.5,21.8,89,109,-0.1,0.1,0,-0.024,-3.3,-2.7,-6,-0.1
320,Tim Hardaway,2014-15,22,NYK,NBA,70,30,24,4,10.2,2.3,5.2,1.7,5.1,1.8,2.2,0.2,2.1,2.2,1.8,0.3,0.2,1.2,1.7,11.5,0.389,0.435,0.342,0.474,0.801,0.512,0.8,70,30,1681,12.1,0.494,0.218,0.8,10.2,5.4,13.5,0.6,0.7,9.5,23.8,101,114,0.8,0,0.8,0.023,0.1,-4.2,-4.1,-0.9
36,Eric Bledsoe,2014-15,25,PHO,NBA,81,81,34.6,5.8,12.9,4.7,9.6,1.1,3.4,4.4,5.4,0.9,4.3,5.2,6.1,1.6,0.6,3.4,2.3,17,0.447,0.491,0.324,0.489,0.8,0.555,7,81,81,2800,18.4,0.26,0.422,2.8,13.9,8.3,27.9,2.3,1.2,18.1,23.7,107,106,4.1,2.9,7,0.119,1.7,0.9,2.6,3.3
381,A.J. Price,2014-15,28,TOT,NBA,26,0,12.5,2,5.3,1.4,3.1,0.6,2.2,0.6,0.9,0.2,1,1.2,1.8,0.3,0,0.5,0.6,5.1,0.372,0.45,0.263,0.427,0.667,0.451,0.3,26,0,324,12,0.416,0.175,2.1,8.9,5.6,23.5,1.1,0,8.7,22.5,98,108,0,0.2,0.3,0.041,-0.7,-3.1,-3.7,-0.1
362,Mike Miller,2014-15,34,CLE,NBA,52,15,13.5,0.7,2.2,0.1,0.3,0.6,1.9,0.1,0.1,0.1,1.7,1.8,0.9,0.3,0.1,0.4,1.4,2.1,0.325,0.313,0.327,0.465,0.75,0.471,0.4,52,15,701,4.6,0.86,0.035,0.7,14,7.4,9,1,0.5,16.6,8.9,96,109,-0.1,0.5,0.4,0.028,-2.6,-0.3,-3,-0.2
446,Ronny Turiaf,2014-15,32,MIN,NBA,2,0,9.5,0,0,0,0,0,0,0,0,0,0.5,0.5,1,0,0,0,0,0,,,,,,,0,2,0,19,4.3,,,0,6.2,3,14,0,0,,0,214,119,0,0,0,0.009,-5.6,-2.1,-7.7,0
212,Cole Aldrich,2014-15,26,NYK,NBA,61,16,16,2.4,4.9,2.4,4.9,0,0,0.8,1,1.7,3.9,5.5,1.2,0.6,1.1,1,2,5.5,0.478,0.478,,0.478,0.781,0.513,2.2,61,16,976,18.1,0,0.213,11.6,28.9,20,13.3,2,5.5,15.2,18.3,104,102,0.8,1.4,2.2,0.107,-2.2,3.1,0.9,0.7
476,Francisco Garcia,2014-15,33,HOU,NBA,14,0,14.3,1.2,4.5,0.5,1.3,0.7,3.2,0.1,0.3,0.2,1,1.2,1.1,0.6,0.4,0.7,1.4,3.2,0.27,0.389,0.222,0.349,0.25,0.347,-0.2,14,0,200,3.6,0.714,0.063,1.7,7.7,4.7,11,2.2,1.9,13.4,16.2,76,105,-0.4,0.2,-0.2,-0.044,-5,-0.2,-5.3,-0.2
377,Ognjen Kuzmic,2014-15,24,GSW,NBA,16,0,4.5,0.5,0.8,0.5,0.8,0,0,0.3,0.3,0.4,0.6,1.1,0.4,0.1,0.1,0.3,0.8,1.3,0.667,0.667,,0.667,1,0.727,0.3,16,0,72,12.9,0,0.333,10.8,14.5,12.7,11.1,1.4,1,26.7,11.3,125,103,0.2,0.1,0.3,0.171,-0.3,1,0.8,0.1
1,James Harden,2014-15,25,HOU,NBA,81,81,36.8,8,18.1,5.4,11.3,2.6,6.9,8.8,10.2,0.9,4.7,5.7,7,1.9,0.7,4,2.6,27.4,0.44,0.48,0.375,0.511,0.868,0.605,16.4,81,81,2981,26.7,0.378,0.561,2.8,14.2,8.5,34.6,2.6,1.6,14.9,31.3,118,103,12.2,4.2,16.4,0.265,7.4,1,8.4,7.8
373,Ben Gordon,2014-15,31,ORL,NBA,56,0,14.1,2.3,5.3,1.7,3.5,0.6,1.7,1,1.2,0.1,1,1.1,0.9,0.3,0,1,1.1,6.2,0.437,0.475,0.361,0.497,0.836,0.538,0.3,56,0,790,10.6,0.329,0.227,0.8,8.3,4.5,10.3,0.9,0.1,14.5,21.8,98,112,0.1,0.2,0.3,0.015,-2.5,-3.6,-6.1,-0.8
173,Marcus Smart,2014-15,20,BOS,NBA,67,38,27,2.6,7.1,1.3,3.1,1.4,4.1,1.2,1.9,0.9,2.4,3.3,3.1,1.5,0.3,1.3,2.6,7.8,0.367,0.41,0.335,0.462,0.646,0.491,2.9,67,38,1808,11,0.57,0.266,3.6,9.9,6.7,16.3,2.7,0.8,14.4,15.1,101,104,0.7,2.2,2.9,0.077,-0.1,1.3,1.1,1.4
134,Boris Diaw,2014-15,32,SAS,NBA,81,15,24.5,3.6,7.8,2.9,5.7,0.7,2.1,0.9,1.1,1,3.3,4.3,2.9,0.4,0.3,1.6,1.8,8.7,0.46,0.512,0.32,0.503,0.774,0.526,3.6,81,15,1984,12.7,0.267,0.147,4.5,15.2,10,17.9,0.9,0.9,15.8,18.3,103,105,1.3,2.3,3.6,0.088,-0.6,0.7,0.1,1.1
41,Mike Conley,2014-15,27,MEM,NBA,70,70,31.8,5.6,12.6,4.1,8.6,1.5,4,3.1,3.6,0.4,2.6,3,5.4,1.3,0.2,2.2,2,15.8,0.446,0.473,0.386,0.506,0.859,0.558,6.8,70,70,2225,18.6,0.314,0.282,1.5,9.2,5.4,28,2.1,0.5,13.6,23.7,110,104,4.2,2.7,6.8,0.147,3.2,-0.5,2.7,2.6
14,Tim Duncan,2014-15,38,SAS,NBA,77,77,28.9,5.4,10.6,5.4,10.5,0,0.1,3,4,2.2,6.9,9.1,3,0.8,2,1.7,2.1,13.9,0.512,0.514,0.286,0.513,0.74,0.56,9.6,77,77,2227,22.6,0.009,0.38,8.8,26.7,17.9,16.8,1.4,5.1,12.1,22.2,113,97,4.9,4.7,9.6,0.207,0.8,4.7,5.5,4.2
458,Dante Exum,2014-15,19,UTA,NBA,82,41,22.2,1.8,5.1,0.8,1.9,1,3.2,0.2,0.4,0.3,1.3,1.6,2.4,0.5,0.2,1.4,1.8,4.8,0.349,0.408,0.314,0.448,0.625,0.457,-0.1,82,41,1817,5.7,0.635,0.077,1.7,6.6,4.2,16.6,1.2,0.6,21.5,13.8,90,109,-1.1,1,-0.1,-0.003,-2.6,-1.3,-3.8,-0.8
339,Dwight Powell,2014-15,23,TOT,NBA,29,0,8.1,1.1,2.3,1,1.9,0.1,0.4,0.9,1.1,0.6,1.1,1.7,0.3,0.3,0.2,0.4,1.4,3.1,0.463,0.5,0.273,0.485,0.758,0.552,0.6,29,0,236,13.8,0.164,0.493,8.3,14.9,11.6,5.5,1.9,2.1,11.9,17.5,111,105,0.3,0.3,0.6,0.122,-1,0.1,-0.9,0.1
437,Alex Kirk,2014-15,23,CLE,NBA,5,0,2.8,0.2,0.8,0.2,0.8,0,0,0.4,0.4,0.2,0,0.2,0.2,0,0,0,0.2,0.8,0.25,0.25,,0.25,1,0.41,0,5,0,14,8.5,0,0.5,8.3,0,4.1,10.1,0,0,0,15.7,112,115,0,0,0,0.061,-3,-4.3,-7.4,0
194,Avery Bradley,2014-15,24,BOS,NBA,77,77,31.5,5.6,13.1,4,8.6,1.6,4.6,1,1.3,0.6,2.5,3.1,1.8,1.1,0.2,1.4,2.3,13.9,0.429,0.47,0.352,0.49,0.79,0.507,2.5,77,77,2428,11.5,0.348,0.099,2,8.9,5.4,8.9,1.7,0.5,9.4,21,99,107,0.4,2.1,2.5,0.049,-0.8,-0.9,-1.7,0.2
378,John Lucas,2014-15,32,DET,NBA,21,0,13,2,5,1.6,3.6,0.4,1.4,0.2,0.2,0.2,0.6,0.8,2.9,0.4,0,0.8,0.9,4.7,0.404,0.44,0.31,0.447,1,0.461,0.3,21,0,272,13,0.279,0.048,1.5,5,3.2,36,1.5,0,13.1,19.9,103,111,0.2,0.1,0.3,0.058,-1.1,-4.4,-5.5,-0.2
273,Norris Cole,2014-15,26,TOT,NBA,75,25,24.4,3.1,7.4,2.3,5.1,0.7,2.3,0.8,1.1,0.2,1.9,2.1,3.4,0.8,0.2,1.3,1.7,7.6,0.412,0.458,0.313,0.461,0.716,0.483,1.4,75,25,1831,10.9,0.315,0.145,0.9,9.3,5.1,22.2,1.6,0.7,14.3,17.5,99,109,0.4,1,1.4,0.036,-1.5,-1.5,-3,-0.5
221,Matt Bonner,2014-15,34,SAS,NBA,72,19,13,1.3,3.2,0.7,1.4,0.6,1.8,0.4,0.5,0.4,1.2,1.6,0.7,0.1,0.2,0.2,0.9,3.7,0.409,0.462,0.365,0.509,0.811,0.536,2.1,72,19,935,10.1,0.548,0.161,3.6,10.2,7,7.1,0.5,1,4.3,12.5,116,107,1.3,0.9,2.1,0.11,-0.2,-0.7,-0.9,0.3
119,Aron Baynes,2014-15,28,SAS,NBA,70,17,16,2.6,4.7,2.6,4.6,0,0.1,1.3,1.5,1.6,3,4.5,0.5,0.2,0.3,0.9,2.3,6.6,0.566,0.57,0.25,0.567,0.865,0.618,3.9,70,17,1122,15.9,0.012,0.318,11.2,20.7,16.1,4.9,0.7,1.5,14.8,17.8,116,103,2.3,1.6,3.9,0.166,-0.7,-0.2,-1,0.3
386,James Young,2014-15,19,BOS,NBA,31,0,10.7,1.2,3.3,0.6,1.2,0.5,2.1,0.5,0.9,0.3,1.1,1.4,0.4,0.3,0.1,0.2,0.7,3.4,0.353,0.528,0.258,0.436,0.552,0.457,0.3,31,0,332,8.5,0.647,0.284,2.9,11,6.9,5.6,1.2,0.5,4.2,15.8,99,107,0.1,0.3,0.3,0.047,-1.9,-1.9,-3.8,-0.2
211,Josh Smith,2014-15,29,TOT,NBA,83,35,27.7,5,11.9,4.1,9.1,0.9,2.7,1.5,3.1,1.8,4.6,6.4,3.3,1,1.4,2.5,2.7,12.4,0.419,0.451,0.316,0.456,0.498,0.467,2.3,83,35,2300,14.9,0.231,0.258,7.2,18.3,12.6,20.5,1.9,3.9,15.8,24.8,94,102,-1.1,3.4,2.3,0.048,-1.7,2.6,1,1.7
301,Jason Smith,2014-15,28,NYK,NBA,82,31,21.8,3.1,7.2,3,6.7,0.2,0.5,1.5,1.9,1.2,2.8,4,1.7,0.4,0.5,1.3,2.5,8,0.434,0.44,0.357,0.447,0.83,0.497,1.2,82,31,1785,12,0.071,0.258,6.2,15,10.5,13.5,0.9,2.1,13.6,19.7,99,111,0.5,0.7,1.2,0.032,-2.5,-0.9,-3.4,-0.6
287,Jon Leuer,2014-15,25,MEM,NBA,63,6,13.1,1.9,4.3,1.8,3.9,0.1,0.5,0.6,0.9,0.8,2.5,3.3,0.7,0.3,0.1,0.6,1.4,4.5,0.443,0.467,0.241,0.456,0.627,0.478,1.3,63,6,824,11.9,0.106,0.216,7,21.7,14.3,8.8,1.1,0.9,10.5,18.6,99,102,0.2,1.2,1.3,0.078,-3.1,0,-3.1,-0.2
60,Nikola Mirotic,2014-15,23,CHI,NBA,82,3,20.2,3.1,7.6,1.9,3.8,1.2,3.8,2.8,3.5,0.8,4.2,4.9,1.2,0.7,0.7,1.1,2.1,10.2,0.405,0.495,0.316,0.485,0.803,0.556,5.7,82,3,1654,17.9,0.502,0.455,4.3,21.8,13.3,9.7,1.7,2.4,10.6,22.8,111,101,3,2.7,5.7,0.165,1.2,0,1.2,1.3
199,Evan Turner,2014-15,26,BOS,NBA,82,57,27.6,3.9,9.1,3.5,7.6,0.4,1.5,1.3,1.7,0.5,4.6,5.1,5.5,1,0.2,2.4,2.2,9.5,0.429,0.458,0.277,0.451,0.752,0.482,2.5,82,57,2260,12.8,0.16,0.189,1.9,18.5,10.1,30,1.8,0.7,19.7,19.5,96,104,-0.3,2.8,2.5,0.054,-2.2,1.3,-1,0.6
382,Nate Robinson,2014-15,30,TOT,NBA,42,1,14.1,2.1,6.1,1.4,3.4,0.7,2.7,0.7,1.1,0.4,0.8,1.2,2.3,0.5,0.1,0.7,1.8,5.7,0.345,0.399,0.277,0.406,0.674,0.432,0.3,42,1,591,10.6,0.439,0.18,3.1,6.2,4.6,25.7,1.7,0.4,9.8,22.5,97,111,0,0.2,0.3,0.021,-0.4,-2.8,-3.3,-0.2
241,Shawne Williams,2014-15,28,TOT,NBA,63,22,17.3,1.9,4.8,0.9,1.9,1,2.8,0.6,0.6,0.6,2.1,2.6,0.7,0.4,0.3,0.5,2.1,5.4,0.403,0.467,0.36,0.51,0.875,0.537,1.9,63,22,1087,10.5,0.593,0.133,3.9,14,9,6.5,1.2,1.6,8.6,14.9,109,108,1.1,0.8,1.9,0.084,-0.2,-0.8,-1,0.3
252,Shawn Marion,2014-15,36,CLE,NBA,57,24,19.3,2.1,4.7,1.9,3.9,0.2,0.8,0.5,0.6,1.1,2.4,3.5,0.9,0.5,0.5,0.6,1,4.8,0.446,0.484,0.261,0.468,0.765,0.489,1.7,57,24,1101,11,0.172,0.127,6.8,14.2,10.5,6.9,1.3,1.9,10.5,12.9,106,107,0.8,0.9,1.7,0.074,-2,0.7,-1.3,0.2
151,D.J. Augustin,2014-15,27,TOT,NBA,82,14,24,3.1,7.9,2.1,4.9,1,3,2.2,2.5,0.2,1.7,2,4.3,0.6,0,1.8,1.1,9.5,0.399,0.436,0.337,0.463,0.868,0.527,3.4,82,14,1964,13.9,0.38,0.317,1.1,7.9,4.4,28.2,1.3,0.1,16.4,19.8,107,110,2.5,0.9,3.4,0.083,0.2,-2.7,-2.5,-0.3
121,Danilo Gallinari,2014-15,26,DEN,NBA,59,27,24.2,3.9,9.6,2.1,4.5,1.8,5.1,2.9,3.2,0.5,3.2,3.7,1.4,0.8,0.3,1,1.6,12.4,0.401,0.453,0.355,0.496,0.895,0.563,3.9,59,27,1426,16.8,0.53,0.336,2.3,14.7,8.3,9.4,1.6,1.1,8,21.5,114,109,3,1,3.9,0.132,2.3,-1.1,1.3,1.2
79,Gorgui Dieng,2014-15,25,MIN,NBA,73,49,30,3.5,7,3.5,6.9,0,0.1,2.6,3.3,3.1,5.3,8.3,2,1,1.7,1.7,2.6,9.7,0.506,0.51,0.167,0.507,0.783,0.573,4.9,73,49,2193,17.2,0.012,0.477,11.3,20.8,15.9,10.5,1.6,4.5,16.9,15,113,108,3.4,1.5,4.9,0.108,0.1,2.4,2.5,2.5
203,Caron Butler,2014-15,34,DET,NBA,78,21,20.8,2.1,5.1,1,2.3,1.1,2.8,0.7,0.8,0.3,2.2,2.5,1,0.6,0.1,0.6,1.5,5.9,0.407,0.441,0.379,0.511,0.902,0.544,2.4,78,21,1623,9.3,0.553,0.154,1.4,12.2,6.6,7.3,1.4,0.2,10.4,12.9,108,109,1.3,1,2.4,0.07,-1,-0.5,-1.5,0.2
368,Kyle Anderson,2014-15,21,SAS,NBA,33,8,10.8,0.9,2.7,0.8,2.4,0.1,0.3,0.3,0.4,0.2,2,2.2,0.8,0.5,0.2,0.3,0.8,2.2,0.348,0.359,0.273,0.365,0.643,0.389,0.3,33,8,358,8.2,0.124,0.157,1.6,20.8,11.4,10.9,2.1,1.5,9.5,13.4,87,100,-0.3,0.6,0.3,0.044,-5.2,2.4,-2.7,-0.1
220,Steve Blake,2014-15,34,POR,NBA,81,0,18.9,1.5,4,0.6,1.3,1,2.7,0.4,0.5,0.2,1.5,1.7,3.6,0.5,0.1,1.3,1.5,4.3,0.373,0.417,0.352,0.491,0.707,0.507,2.1,81,0,1529,9.5,0.67,0.125,1.1,8.3,4.8,26.2,1.4,0.2,23.2,13.2,103,107,0.7,1.4,2.1,0.066,-1.2,-0.9,-2.1,0
88,Donatas Motiejunas,2014-15,24,HOU,NBA,71,62,28.7,5,9.9,4.3,8,0.7,1.9,1.4,2.3,1.9,4,5.9,1.8,0.8,0.5,1.7,2.9,12,0.504,0.536,0.368,0.539,0.602,0.553,4.7,71,62,2037,14.4,0.19,0.237,7.4,15.4,11.4,10.8,1.4,1.3,13.7,19.1,107,105,2.4,2.3,4.7,0.11,-0.6,0.5,-0.1,1
340,Luke Ridnour,2014-15,33,ORL,NBA,47,0,14.5,1.6,3.7,1.2,2.4,0.4,1.3,0.4,0.4,0.2,1.3,1.4,2,0.4,0.1,0.8,1.4,4,0.426,0.487,0.317,0.483,0.857,0.507,0.6,47,0,683,10,0.358,0.119,1.3,10.1,5.6,21,1.5,0.5,17,14.8,101,110,0.3,0.3,0.6,0.042,-2.3,-1.7,-4,-0.3
265,Justin Hamilton,2014-15,24,TOT,NBA,41,14,17.4,2.1,4.3,1.8,3.6,0.2,0.8,1,1.1,1.4,1.9,3.3,0.9,0.7,0.7,0.6,1.7,5.3,0.478,0.51,0.323,0.506,0.83,0.551,1.5,41,14,712,14.6,0.174,0.264,9.3,12.7,11,8.1,2,3.4,11.6,14.2,114,109,1,0.5,1.5,0.102,-0.1,0.9,0.7,0.5
281,Will Barton,2014-15,24,TOT,NBA,58,0,16.9,2.6,6.1,2.2,4.6,0.4,1.5,1.3,1.6,0.4,2.3,2.8,1.4,0.8,0.3,1.1,1.2,6.8,0.425,0.474,0.271,0.458,0.787,0.503,1.3,58,0,983,13.6,0.241,0.266,2.8,15.3,8.9,13,2.5,1.5,13.4,20.2,99,105,0.2,1.1,1.3,0.063,-1.7,1.1,-0.6,0.3
99,Roy Hibbert,2014-15,28,IND,NBA,76,76,25.3,4.2,9.3,4.2,9.3,0,0,2.2,2.7,2.1,5.1,7.1,1.1,0.2,1.6,1.4,2.8,10.6,0.446,0.448,0,0.446,0.824,0.501,4.2,76,76,1926,15.4,0.003,0.287,9,21.9,15.5,7.4,0.5,5.1,11.8,21.3,101,101,1,3.2,4.2,0.105,-3.1,2.1,-1,0.5
328,Robert Sacre,2014-15,25,LAL,NBA,67,18,16.9,1.9,4.6,1.9,4.6,0,0,0.8,1.2,1.3,2.1,3.5,0.8,0.4,0.6,0.5,1.8,4.6,0.412,0.413,0,0.412,0.671,0.449,0.8,67,18,1133,10.9,0.003,0.268,8.4,14.6,11.4,7.4,1.3,3.1,9.5,14.8,100,110,0.3,0.6,0.8,0.035,-3.3,0.4,-2.8,-0.2
344,Chuck Hayes,2014-15,31,TOR,NBA,29,0,8.8,0.8,1.6,0.8,1.6,0,0,0.2,0.4,0.6,1.1,1.8,0.7,0.3,0.1,0.3,1.3,1.7,0.478,0.478,,0.478,0.545,0.492,0.5,29,0,255,10.4,0,0.239,8.1,14.9,11.5,11.3,2,1.3,13.6,10.4,111,107,0.3,0.2,0.5,0.091,-1.5,1.1,-0.4,0.1
276,Jason Maxiell,2014-15,31,CHO,NBA,61,0,14.4,1.3,3.1,1.3,3.1,0,0,0.7,1.2,1.4,1.9,3.3,0.3,0.3,0.7,0.5,1.6,3.3,0.422,0.422,,0.422,0.577,0.455,1.4,61,0,878,10.4,0,0.37,10.5,15.1,12.7,3.4,1.1,4,11.5,13.1,99,103,0.1,1.2,1.4,0.074,-4.5,1.9,-2.6,-0.1
40,Nikola Vucevic,2014-15,24,ORL,NBA,74,74,34.2,8.5,16.3,8.5,16.2,0,0.1,2.2,2.9,3.2,7.7,10.9,2,0.7,0.7,2,3,19.3,0.523,0.524,0.333,0.524,0.752,0.548,7,74,74,2529,21.5,0.005,0.181,10.4,26,18.1,11,1.1,1.7,10.2,26,109,106,4.5,2.5,7,0.133,0.7,-0.1,0.5,1.6
464,Nick Johnson,2014-15,22,HOU,NBA,28,0,9.4,0.9,2.7,0.8,1.9,0.2,0.8,0.6,0.9,0.5,0.9,1.4,0.4,0.3,0.1,0.7,1.2,2.6,0.347,0.389,0.238,0.38,0.68,0.43,-0.1,28,0,262,4.8,0.28,0.333,5.5,10.9,8.2,6.3,1.3,0.9,18.1,17.4,84,106,-0.4,0.2,-0.1,-0.02,-6.1,-1.2,-7.3,-0.3
43,Greg Monroe,2014-15,24,DET,NBA,69,57,31,6.1,12.4,6.1,12.4,0,0,3.7,4.9,3.3,6.9,10.2,2.1,1.1,0.5,2.2,2.1,15.9,0.496,0.496,,0.496,0.75,0.549,6.8,69,57,2137,21.2,0,0.394,11.2,25.1,17.9,11.7,1.9,1.3,13,23.9,110,103,4,2.8,6.8,0.153,0.6,1.3,1.9,2.1
39,Brook Lopez,2014-15,26,BRK,NBA,72,44,29.2,7,13.7,7,13.6,0,0.1,3.1,3.8,3,4.5,7.4,0.7,0.6,1.8,1.4,2.9,17.2,0.513,0.517,0.1,0.513,0.814,0.558,7,72,44,2100,22.7,0.01,0.278,11.5,17.1,14.3,4.5,1.1,4.8,8.6,26.3,112,105,4.7,2.2,7,0.159,0.5,-0.3,0.2,1.1
204,Jordan Clarkson,2014-15,22,LAL,NBA,59,38,25,4.5,10.1,3.9,8.1,0.6,2.1,2.2,2.7,0.9,2.3,3.2,3.5,0.9,0.2,1.6,1.8,11.9,0.448,0.482,0.314,0.48,0.829,0.528,2.4,59,38,1476,16.9,0.203,0.265,4,10.5,7.1,23.8,1.8,0.7,12.6,23,107,112,2,0.4,2.4,0.078,1.4,-1.7,-0.3,0.6
207,Jason Thompson,2014-15,28,SAC,NBA,81,63,24.6,2.5,5.3,2.5,5.3,0,0,1.1,1.8,1.7,4.8,6.5,1,0.4,0.7,1,3,6.1,0.47,0.471,0,0.47,0.622,0.5,2.4,81,63,1991,10.2,0.002,0.334,8.2,21.5,15.1,6.5,0.8,2.3,14.6,12.7,103,108,0.9,1.5,2.4,0.057,-2.6,0.9,-1.7,0.1
266,James Jones,2014-15,34,CLE,NBA,57,2,11.7,1.3,3.5,0.2,0.5,1.1,3.1,0.7,0.8,0.2,0.9,1.1,0.4,0.2,0.1,0.2,1.2,4.4,0.368,0.423,0.36,0.525,0.848,0.565,1.5,57,2,669,11.1,0.871,0.229,1.6,9,5.3,5.4,1,0.9,5.5,15.8,117,110,1.2,0.4,1.5,0.11,1.4,-2.8,-1.4,0.1
243,C.J. McCollum,2014-15,23,POR,NBA,62,3,15.7,2.6,5.9,1.7,3.6,0.9,2.2,0.8,1.2,0.2,1.2,1.5,1,0.7,0.1,0.8,1.3,6.8,0.436,0.46,0.396,0.511,0.699,0.534,1.8,62,3,973,13.1,0.381,0.2,1.6,8.3,5,10.3,2.3,0.6,10.8,20.5,103,105,0.7,1.1,1.8,0.089,-0.4,-0.3,-0.7,0.3
152,Tyler Hansbrough,2014-15,29,TOR,NBA,74,8,14.3,1.2,2.2,1.1,2.1,0,0.1,1.3,1.9,1.4,2.1,3.6,0.3,0.4,0.2,0.3,1.9,3.6,0.521,0.538,0.143,0.524,0.698,0.597,3.4,74,8,1058,13.3,0.042,0.842,11.6,17.3,14.4,2.8,1.5,1.1,8.1,10.5,132,107,2.6,0.9,3.4,0.156,0.1,-0.5,-0.5,0.4
249,Drew Gooden,2014-15,33,WAS,NBA,51,7,16.9,2.2,5.4,1.7,4.3,0.5,1.2,0.7,0.9,1.4,3,4.4,1,0.4,0.2,0.5,1.8,5.4,0.399,0.401,0.39,0.44,0.773,0.469,1.7,51,7,864,11.9,0.214,0.159,9.6,19.3,14.5,8.6,1.2,0.8,8.7,17,103,103,0.5,1.2,1.7,0.094,-1.8,0.2,-1.6,0.1
169,Carmelo Anthony,2014-15,30,NYK,NBA,40,40,35.7,9,20.2,7.4,15.7,1.5,4.5,4.7,5.9,1.8,4.8,6.6,3.1,1,0.4,2.2,2.2,24.2,0.444,0.474,0.341,0.482,0.797,0.531,2.9,40,40,1428,21.5,0.222,0.294,5.7,16,10.7,18,1.5,1,8.9,32.2,106,110,2.2,0.6,2.9,0.097,3.5,-2.2,1.4,1.2
403,DeJuan Blair,2014-15,25,WAS,NBA,29,0,6.2,0.9,2,0.9,2,0,0,0.1,0.2,0.6,1.4,1.9,0.1,0.2,0,0.4,1.4,1.9,0.456,0.456,,0.456,0.667,0.469,0.1,29,0,180,7.7,0,0.105,10.3,24.5,17.5,2.6,2,0.4,17.9,18.3,88,100,-0.2,0.3,0.1,0.033,-6.4,-1,-7.4,-0.2
471,Glen Rice,2014-15,24,WAS,NBA,5,0,8.6,0.6,3,0.4,1.6,0.2,1.4,0.8,1.2,0.4,0.4,0.8,0.4,0,0,0.4,2.2,2.2,0.2,0.25,0.143,0.233,0.667,0.312,-0.1,5,0,43,-3.6,0.467,0.4,5.4,5.1,5.2,6.5,0,0,10.2,20.7,72,110,-0.1,0,-0.1,-0.121,-7,-4.1,-11.1,-0.1
189,Arron Afflalo,2014-15,29,TOT,NBA,78,72,32.1,4.8,11.3,3.3,7.1,1.5,4.3,2.1,2.5,0.3,2.8,3.2,1.7,0.5,0.1,1.5,2.1,13.3,0.424,0.466,0.354,0.491,0.843,0.533,2.6,78,72,2502,10.7,0.377,0.224,1.1,9.7,5.3,8.2,0.8,0.2,10.7,19,103,111,1.6,1,2.6,0.05,-0.5,-1.3,-1.8,0.1
54,Wesley Matthews,2014-15,28,POR,NBA,60,60,33.7,5.6,12.5,2.7,5.1,2.9,7.4,1.8,2.4,0.6,3.1,3.7,2.3,1.3,0.2,1.4,2.2,15.9,0.448,0.534,0.389,0.563,0.752,0.586,6.2,60,60,2024,16.1,0.592,0.193,2.1,9.5,5.9,10.8,1.9,0.4,9,19.8,114,105,4,2.2,6.2,0.147,3.8,0.1,3.9,3
415,John Salmons,2014-15,35,NOP,NBA,21,0,12.9,0.8,2.3,0.4,1,0.4,1.2,0.1,0.2,0.2,0.8,1,0.6,0.4,0.2,0.2,1.2,2,0.333,0.364,0.308,0.417,0.5,0.422,0.1,21,0,270,5.1,0.542,0.083,1.7,7.1,4.4,6.6,1.8,1.1,9.1,9.3,94,110,0,0.1,0.1,0.017,-2.7,-0.2,-2.9,-0.1
359,JaMychal Green,2014-15,24,TOT,NBA,24,1,6.8,1.1,2,1.1,1.7,0,0.3,0.3,0.4,0.8,1.1,1.9,0.2,0.2,0.2,0.6,1,2.6,0.574,0.659,0,0.574,0.8,0.603,0.4,24,1,164,14.9,0.128,0.213,13.3,18,15.7,4,1.6,2.4,21.4,18.3,105,101,0.1,0.3,0.4,0.119,-2,-0.1,-2.1,0
193,Hollis Thompson,2014-15,23,PHI,NBA,71,23,25,3.2,7.6,1.5,3.6,1.6,4,0.9,1.3,0.7,2,2.8,1.2,0.8,0.4,0.9,2,8.8,0.413,0.426,0.401,0.518,0.708,0.538,2.6,71,23,1776,10.9,0.529,0.164,3.1,9.3,6,8.4,1.6,1.2,10.2,15.9,105,108,1.3,1.3,2.6,0.07,-1.1,-0.9,-2.1,0
434,Brendan Haywood,2014-15,35,CLE,NBA,22,1,5.4,0.6,1.4,0.6,1.4,0,0,0.3,0.6,0.3,1,1.3,0.1,0.1,0.5,0.5,0.8,1.6,0.467,0.467,,0.467,0.538,0.49,0,22,1,119,9.1,0,0.433,5.9,21.9,14,2.5,0.9,6.6,21.9,17.3,85,102,-0.2,0.2,0,0.008,-7.9,1.3,-6.6,-0.1
387,Kobe Bryant,2014-15,36,LAL,NBA,35,35,34.5,7.6,20.4,6.1,15.1,1.5,5.3,5.6,6.9,0.7,4.9,5.7,5.6,1.3,0.2,3.7,1.9,22.3,0.373,0.401,0.293,0.411,0.813,0.477,0.2,35,35,1207,17.6,0.258,0.338,2.3,16.5,9.1,29.9,2,0.5,13.5,34.9,96,110,-0.4,0.6,0.2,0.006,1.6,-1.3,0.3,0.7
371,Samuel Dalembert,2014-15,33,NYK,NBA,32,21,17,1.8,4.1,1.8,4.1,0,0,0.4,0.6,1.7,3.6,5.3,0.9,0.4,1.3,1.2,2.2,4,0.438,0.438,,0.438,0.7,0.461,0.3,32,21,544,11.8,0,0.154,10.9,25.1,17.8,8.6,1.4,6.3,21.9,15,90,104,-0.4,0.7,0.3,0.023,-5.2,3,-2.2,0
